title,city,salary_from,salary_to,salary_mid,experience_years,url
Финансовый аналитик,Москва,74816,119858,97337.0,0.0,https://hh.ru/job/1000000
Маркетинг-аналитик,Казань,85106,151771,118438.5,0.5,https://hh.ru/vacancy/1000001
Интернет-маркетолог,Удалённо,93932,181788,137860.0,0.0,https://hh.ru/job/1000002
Product manager (junior),Екатеринбург,57100,89476,73288.0,2.0,https://hh.ru/job/1000003
Отчётный аналитик,Удалённо,97091,157645,127368.0,3.0,https://hh.ru/job/1000004
Бизнес-аналитик,Москва,61949,81148,71548.5,1.0,https://hh.ru/job/1000005
Интернет-маркетолог,Казань,110080,196492,153286.0,0.5,https://hh.ru/vacancy/1000006
Data Scientist (junior),Екатеринбург,77744,133692,105718.0,2.0,https://hh.ru/vacancy/1000007
Финансовый аналитик,Санкт-Петербург,85543,164324,124933.5,3.0,https://hh.ru/vacancy/1000008
SQL-аналитик,Казань,148319,226069,187194.0,2.0,https://hh.ru/vacancy/1000009
BI-аналитик,Новосибирск,132193,203455,167824.0,3.0,https://hh.ru/vacancy/1000010
Финансовый аналитик,Москва,76187,127787,101987.0,0.5,https://hh.ru/vacancy/1000011
Отчётный аналитик,Казань,152734,234632,193683.0,0.5,https://hh.ru/job/1000012
Отчётный аналитик,Казань,47239,114722,80980.5,3.0,https://hh.ru/vacancy/1000013
Бизнес-аналитик,Новосибирск,54489,77786,66137.5,2.0,https://hh.ru/vacancy/1000014
Data Scientist (junior),Екатеринбург,154937,190385,172661.0,1.0,https://hh.ru/job/1000015
Маркетинг-аналитик,Санкт-Петербург,98017,129189,113603.0,2.0,https://hh.ru/vacancy/1000016
Бизнес-аналитик,Новосибирск,101877,149751,125814.0,3.0,https://hh.ru/job/1000017
Бизнес-аналитик,Санкт-Петербург,83125,95782,89453.5,2.0,https://hh.ru/job/1000018
BI-аналитик,Екатеринбург,89922,179308,134615.0,2.0,https://hh.ru/vacancy/1000019
Data Engineer (junior),Казань,134074,164499,149286.5,1.0,https://hh.ru/job/1000020
Data Scientist (junior),Санкт-Петербург,72049,103734,87891.5,1.0,https://hh.ru/vacancy/1000021
Продуктовый аналитик,Москва,77131,106709,91920.0,1.0,https://hh.ru/vacancy/1000022
Бизнес-аналитик,Москва,82944,116775,99859.5,3.0,https://hh.ru/job/1000023
Junior аналитик,Новосибирск,155765,168671,162218.0,3.0,https://hh.ru/job/1000024
Специалист по рекламе,Екатеринбург,113963,180376,147169.5,3.0,https://hh.ru/vacancy/1000025
Data Engineer (junior),Новосибирск,146884,205912,176398.0,0.0,https://hh.ru/job/1000026
Продуктовый аналитик,Новосибирск,64285,76572,70428.5,2.0,https://hh.ru/job/1000027
Junior аналитик,Удалённо,77626,116286,96956.0,3.0,https://hh.ru/vacancy/1000028
Data Scientist (junior),Новосибирск,82808,163566,123187.0,2.0,https://hh.ru/vacancy/1000029
Аналитик данных,Удалённо,128464,193968,161216.0,3.0,https://hh.ru/job/1000030
Junior аналитик,Москва,93871,158591,126231.0,3.0,https://hh.ru/vacancy/1000031
SQL-аналитик,Москва,59198,98899,79048.5,1.0,https://hh.ru/vacancy/1000032
Data Engineer (junior),Новосибирск,59758,148058,103908.0,1.0,https://hh.ru/vacancy/1000033
Интернет-маркетолог,Москва,55254,77928,66591.0,0.0,https://hh.ru/vacancy/1000034
Junior аналитик,Екатеринбург,84238,172798,128518.0,1.0,https://hh.ru/vacancy/1000035
Системный аналитик,Удалённо,41252,70126,55689.0,2.0,https://hh.ru/vacancy/1000036
Аналитик данных,Удалённо,79764,128406,104085.0,3.0,https://hh.ru/vacancy/1000037
Отчётный аналитик,Новосибирск,117709,187869,152789.0,0.5,https://hh.ru/job/1000038
Отчётный аналитик,Москва,77441,100043,88742.0,0.0,https://hh.ru/vacancy/1000039
Product manager (junior),Санкт-Петербург,132234,163165,147699.5,2.0,https://hh.ru/job/1000040
SQL-аналитик,Удалённо,93682,127874,110778.0,0.0,https://hh.ru/job/1000041
Junior аналитик,Новосибирск,99494,151036,125265.0,0.5,https://hh.ru/job/1000042
Junior аналитик,Новосибирск,121317,168837,145077.0,0.0,https://hh.ru/vacancy/1000043
Product manager (junior),Екатеринбург,105215,174987,140101.0,0.5,https://hh.ru/vacancy/1000044
Специалист по рекламе,Казань,118587,182349,150468.0,0.5,https://hh.ru/job/1000045
Специалист по рекламе,Казань,145185,200291,172738.0,1.0,https://hh.ru/vacancy/1000046
Product manager (junior),Удалённо,46949,133070,90009.5,1.0,https://hh.ru/job/1000047
Специалист по рекламе,Екатеринбург,147825,178384,163104.5,3.0,https://hh.ru/vacancy/1000048
BI-аналитик,Екатеринбург,95393,134135,114764.0,1.0,https://hh.ru/vacancy/1000049
Junior аналитик,Екатеринбург,113553,188222,150887.5,2.0,https://hh.ru/job/1000050
Финансовый аналитик,Удалённо,46941,132140,89540.5,0.0,https://hh.ru/job/1000051
Маркетинг-аналитик,Казань,65934,92688,79311.0,0.5,https://hh.ru/job/1000052
Системный аналитик,Екатеринбург,63386,72358,67872.0,2.0,https://hh.ru/vacancy/1000053
BI-аналитик,Москва,101886,177717,139801.5,0.0,https://hh.ru/job/1000054
Data Scientist (junior),Новосибирск,115745,162618,139181.5,1.0,https://hh.ru/vacancy/1000055
BI-аналитик,Новосибирск,123251,138154,130702.5,2.0,https://hh.ru/vacancy/1000056
Финансовый аналитик,Санкт-Петербург,134456,142476,138466.0,2.0,https://hh.ru/vacancy/1000057
Data Scientist (junior),Санкт-Петербург,93413,140168,116790.5,0.0,https://hh.ru/job/1000058
Системный аналитик,Удалённо,96800,147448,122124.0,1.0,https://hh.ru/job/1000059
Финансовый аналитик,Удалённо,137239,151755,144497.0,2.0,https://hh.ru/job/1000060
Продуктовый аналитик,Новосибирск,82318,89714,86016.0,0.0,https://hh.ru/vacancy/1000061
Маркетинг-аналитик,Москва,159803,248885,204344.0,2.0,https://hh.ru/vacancy/1000062
Системный аналитик,Казань,110173,134302,122237.5,2.0,https://hh.ru/job/1000063
Junior аналитик,Казань,110390,116981,113685.5,5.0,https://hh.ru/vacancy/1000064
Специалист по рекламе,Удалённо,92329,108632,100480.5,0.5,https://hh.ru/vacancy/1000065
Продуктовый аналитик,Москва,83088,118649,100868.5,3.0,https://hh.ru/job/1000066
SQL-аналитик,Удалённо,156868,233587,195227.5,1.0,https://hh.ru/job/1000067
Системный аналитик,Казань,143196,155510,149353.0,1.0,https://hh.ru/job/1000068
SQL-аналитик,Удалённо,79811,104434,92122.5,0.0,https://hh.ru/vacancy/1000069
Data Scientist (junior),Екатеринбург,154825,227500,191162.5,2.0,https://hh.ru/vacancy/1000070
Продуктовый аналитик,Удалённо,95479,165561,130520.0,0.5,https://hh.ru/vacancy/1000071
Маркетинг-аналитик,Новосибирск,125392,214016,169704.0,1.0,https://hh.ru/vacancy/1000072
Junior аналитик,Удалённо,127369,165499,146434.0,0.0,https://hh.ru/vacancy/1000073
Product manager (junior),Новосибирск,157520,214276,185898.0,3.0,https://hh.ru/job/1000074
Junior аналитик,Москва,59963,91255,75609.0,3.0,https://hh.ru/vacancy/1000075
Финансовый аналитик,Казань,95123,169397,132260.0,2.0,https://hh.ru/vacancy/1000076
Junior аналитик,Санкт-Петербург,142468,149937,146202.5,0.5,https://hh.ru/vacancy/1000077
Интернет-маркетолог,Санкт-Петербург,132705,191652,162178.5,0.5,https://hh.ru/job/1000078
Бизнес-аналитик,Казань,113477,141011,127244.0,2.0,https://hh.ru/job/1000079
Product manager (junior),Санкт-Петербург,54388,123008,88698.0,1.0,https://hh.ru/job/1000080
BI-аналитик,Удалённо,45569,99443,72506.0,0.5,https://hh.ru/vacancy/1000081
Специалист по рекламе,Москва,109836,164544,137190.0,2.0,https://hh.ru/job/1000082
Аналитик данных,Москва,144573,224126,184349.5,5.0,https://hh.ru/job/1000083
Маркетинг-аналитик,Казань,76586,149930,113258.0,2.0,https://hh.ru/job/1000084
Продуктовый аналитик,Санкт-Петербург,52015,106153,79084.0,2.0,https://hh.ru/vacancy/1000085
Бизнес-аналитик,Удалённо,85002,144304,114653.0,5.0,https://hh.ru/job/1000086
Маркетинг-аналитик,Москва,156594,209232,182913.0,0.5,https://hh.ru/vacancy/1000087
Продуктовый аналитик,Москва,46254,129503,87878.5,2.0,https://hh.ru/vacancy/1000088
Специалист по рекламе,Екатеринбург,57144,64863,61003.5,5.0,https://hh.ru/job/1000089
Data Engineer (junior),Екатеринбург,64214,92104,78159.0,0.5,https://hh.ru/vacancy/1000090
Data Engineer (junior),Москва,145654,227890,186772.0,2.0,https://hh.ru/job/1000091
SQL-аналитик,Казань,120719,162228,141473.5,2.0,https://hh.ru/vacancy/1000092
Маркетинг-аналитик,Новосибирск,111774,159308,135541.0,2.0,https://hh.ru/job/1000093
Data Engineer (junior),Новосибирск,46090,69877,57983.5,2.0,https://hh.ru/job/1000094
Интернет-маркетолог,Удалённо,51637,105482,78559.5,5.0,https://hh.ru/job/1000095
Product manager (junior),Москва,62415,125347,93881.0,3.0,https://hh.ru/vacancy/1000096
Продуктовый аналитик,Москва,64071,102133,83102.0,0.0,https://hh.ru/job/1000097
SQL-аналитик,Москва,98243,178956,138599.5,3.0,https://hh.ru/vacancy/1000098
Junior аналитик,Казань,150951,216412,183681.5,0.5,https://hh.ru/job/1000099
Продуктовый аналитик,Екатеринбург,148215,228633,188424.0,1.0,https://hh.ru/vacancy/1000100
SQL-аналитик,Москва,81240,152912,117076.0,1.0,https://hh.ru/vacancy/1000101
Специалист по рекламе,Москва,123807,163639,143723.0,1.0,https://hh.ru/job/1000102
Маркетинг-аналитик,Санкт-Петербург,141570,178536,160053.0,1.0,https://hh.ru/job/1000103
Специалист по рекламе,Казань,73434,150979,112206.5,5.0,https://hh.ru/job/1000104
Product manager (junior),Удалённо,109724,127711,118717.5,2.0,https://hh.ru/job/1000105
Product manager (junior),Москва,155359,197670,176514.5,2.0,https://hh.ru/job/1000106
Бизнес-аналитик,Санкт-Петербург,115697,152272,133984.5,0.0,https://hh.ru/vacancy/1000107
Специалист по рекламе,Новосибирск,68732,137584,103158.0,5.0,https://hh.ru/job/1000108
Финансовый аналитик,Удалённо,51314,57321,54317.5,5.0,https://hh.ru/job/1000109
Junior аналитик,Москва,63954,139935,101944.5,3.0,https://hh.ru/vacancy/1000110
Системный аналитик,Москва,97108,178350,137729.0,0.0,https://hh.ru/job/1000111
Специалист по рекламе,Санкт-Петербург,127044,179561,153302.5,0.0,https://hh.ru/job/1000112
Бизнес-аналитик,Казань,127505,161762,144633.5,0.5,https://hh.ru/vacancy/1000113
Data Scientist (junior),Москва,151195,198402,174798.5,0.0,https://hh.ru/job/1000114
Интернет-маркетолог,Новосибирск,143081,161362,152221.5,1.0,https://hh.ru/job/1000115
Продуктовый аналитик,Москва,76668,142914,109791.0,5.0,https://hh.ru/job/1000116
Product manager (junior),Новосибирск,63061,69496,66278.5,1.0,https://hh.ru/vacancy/1000117
Data Scientist (junior),Удалённо,119252,150912,135082.0,0.0,https://hh.ru/job/1000118
Бизнес-аналитик,Удалённо,79749,89833,84791.0,0.5,https://hh.ru/vacancy/1000119
SQL-аналитик,Екатеринбург,144680,231877,188278.5,0.0,https://hh.ru/job/1000120
Системный аналитик,Екатеринбург,56907,75414,66160.5,0.0,https://hh.ru/vacancy/1000121
Junior аналитик,Новосибирск,58777,136372,97574.5,0.5,https://hh.ru/job/1000122
Junior аналитик,Казань,133229,222036,177632.5,0.5,https://hh.ru/vacancy/1000123
Junior аналитик,Москва,91745,142284,117014.5,3.0,https://hh.ru/vacancy/1000124
Интернет-маркетолог,Москва,148464,160955,154709.5,5.0,https://hh.ru/vacancy/1000125
Системный аналитик,Екатеринбург,131865,187057,159461.0,1.0,https://hh.ru/vacancy/1000126
Интернет-маркетолог,Новосибирск,152428,237823,195125.5,1.0,https://hh.ru/vacancy/1000127
Product manager (junior),Москва,121818,190706,156262.0,3.0,https://hh.ru/vacancy/1000128
Интернет-маркетолог,Москва,63624,142233,102928.5,0.5,https://hh.ru/job/1000129
Аналитик данных,Казань,63321,77398,70359.5,0.5,https://hh.ru/job/1000130
Системный аналитик,Санкт-Петербург,50488,76441,63464.5,3.0,https://hh.ru/vacancy/1000131
Финансовый аналитик,Екатеринбург,62574,144493,103533.5,0.0,https://hh.ru/vacancy/1000132
Системный аналитик,Екатеринбург,45240,118129,81684.5,2.0,https://hh.ru/vacancy/1000133
Бизнес-аналитик,Санкт-Петербург,83221,112042,97631.5,2.0,https://hh.ru/vacancy/1000134
Аналитик данных,Москва,50478,93045,71761.5,1.0,https://hh.ru/job/1000135
Junior аналитик,Казань,95645,125505,110575.0,1.0,https://hh.ru/vacancy/1000136
Бизнес-аналитик,Казань,150698,176893,163795.5,3.0,https://hh.ru/job/1000137
Бизнес-аналитик,Екатеринбург,59262,141737,100499.5,0.0,https://hh.ru/job/1000138
Product manager (junior),Казань,158831,185258,172044.5,0.5,https://hh.ru/vacancy/1000139
Отчётный аналитик,Удалённо,92796,124879,108837.5,2.0,https://hh.ru/vacancy/1000140
BI-аналитик,Санкт-Петербург,44432,106804,75618.0,1.0,https://hh.ru/job/1000141
Аналитик данных,Москва,135257,184321,159789.0,0.0,https://hh.ru/job/1000142
Бизнес-аналитик,Удалённо,104291,117104,110697.5,3.0,https://hh.ru/vacancy/1000143
BI-аналитик,Санкт-Петербург,119104,155702,137403.0,1.0,https://hh.ru/vacancy/1000144
BI-аналитик,Новосибирск,99399,131481,115440.0,3.0,https://hh.ru/vacancy/1000145
Аналитик данных,Екатеринбург,119714,153955,136834.5,3.0,https://hh.ru/job/1000146
Отчётный аналитик,Казань,90428,139997,115212.5,2.0,https://hh.ru/job/1000147
Data Scientist (junior),Новосибирск,127731,144476,136103.5,1.0,https://hh.ru/vacancy/1000148
SQL-аналитик,Казань,40302,71331,55816.5,5.0,https://hh.ru/job/1000149
Финансовый аналитик,Удалённо,122558,140583,131570.5,0.0,https://hh.ru/job/1000150
SQL-аналитик,Москва,40055,59343,49699.0,2.0,https://hh.ru/vacancy/1000151
Системный аналитик,Москва,151317,162857,157087.0,0.5,https://hh.ru/vacancy/1000152
Junior аналитик,Москва,48717,135675,92196.0,1.0,https://hh.ru/job/1000153
Финансовый аналитик,Казань,68699,142577,105638.0,1.0,https://hh.ru/job/1000154
Системный аналитик,Новосибирск,113686,160532,137109.0,5.0,https://hh.ru/vacancy/1000155
Бизнес-аналитик,Москва,107661,188593,148127.0,5.0,https://hh.ru/vacancy/1000156
Junior аналитик,Новосибирск,84247,106729,95488.0,0.5,https://hh.ru/vacancy/1000157
Продуктовый аналитик,Казань,154049,182460,168254.5,0.0,https://hh.ru/vacancy/1000158
Аналитик данных,Удалённо,56748,112723,84735.5,2.0,https://hh.ru/vacancy/1000159
Финансовый аналитик,Новосибирск,145113,210658,177885.5,1.0,https://hh.ru/job/1000160
Финансовый аналитик,Удалённо,44621,128418,86519.5,0.0,https://hh.ru/job/1000161
Специалист по рекламе,Казань,55034,112341,83687.5,2.0,https://hh.ru/job/1000162
Бизнес-аналитик,Казань,151927,160020,155973.5,1.0,https://hh.ru/job/1000163
Data Scientist (junior),Екатеринбург,45126,127384,86255.0,5.0,https://hh.ru/vacancy/1000164
BI-аналитик,Казань,45122,72164,58643.0,0.5,https://hh.ru/vacancy/1000165
Junior аналитик,Казань,58030,115960,86995.0,1.0,https://hh.ru/vacancy/1000166
Бизнес-аналитик,Санкт-Петербург,122838,172251,147544.5,1.0,https://hh.ru/job/1000167
Data Engineer (junior),Москва,124717,163473,144095.0,3.0,https://hh.ru/job/1000168
Отчётный аналитик,Екатеринбург,95658,153926,124792.0,1.0,https://hh.ru/job/1000169
BI-аналитик,Екатеринбург,78638,122852,100745.0,2.0,https://hh.ru/vacancy/1000170
Аналитик данных,Екатеринбург,107067,193938,150502.5,0.5,https://hh.ru/job/1000171
BI-аналитик,Санкт-Петербург,146476,180078,163277.0,3.0,https://hh.ru/vacancy/1000172
Data Scientist (junior),Удалённо,158033,216364,187198.5,1.0,https://hh.ru/vacancy/1000173
Product manager (junior),Казань,145977,199878,172927.5,0.0,https://hh.ru/vacancy/1000174
Специалист по рекламе,Москва,128869,197285,163077.0,2.0,https://hh.ru/vacancy/1000175
BI-аналитик,Новосибирск,145186,182382,163784.0,0.5,https://hh.ru/vacancy/1000176
Аналитик данных,Удалённо,74674,85300,79987.0,0.0,https://hh.ru/vacancy/1000177
Data Scientist (junior),Казань,75854,88278,82066.0,3.0,https://hh.ru/job/1000178
SQL-аналитик,Санкт-Петербург,86271,104128,95199.5,1.0,https://hh.ru/vacancy/1000179
Финансовый аналитик,Казань,113688,138670,126179.0,2.0,https://hh.ru/vacancy/1000180
Product manager (junior),Казань,78518,160479,119498.5,0.5,https://hh.ru/job/1000181
Специалист по рекламе,Санкт-Петербург,151076,158056,154566.0,3.0,https://hh.ru/vacancy/1000182
Финансовый аналитик,Екатеринбург,50267,103557,76912.0,0.0,https://hh.ru/job/1000183
Отчётный аналитик,Екатеринбург,130825,162256,146540.5,1.0,https://hh.ru/job/1000184
Системный аналитик,Москва,41062,131038,86050.0,5.0,https://hh.ru/job/1000185
Product manager (junior),Москва,156664,244375,200519.5,3.0,https://hh.ru/vacancy/1000186
Product manager (junior),Екатеринбург,90448,121833,106140.5,1.0,https://hh.ru/vacancy/1000187
SQL-аналитик,Удалённо,135462,178620,157041.0,1.0,https://hh.ru/job/1000188
SQL-аналитик,Новосибирск,46229,74248,60238.5,3.0,https://hh.ru/vacancy/1000189
Junior аналитик,Казань,96793,120432,108612.5,1.0,https://hh.ru/vacancy/1000190
Интернет-маркетолог,Новосибирск,154813,181376,168094.5,3.0,https://hh.ru/job/1000191
BI-аналитик,Казань,87915,132256,110085.5,3.0,https://hh.ru/job/1000192
Product manager (junior),Екатеринбург,44632,55408,50020.0,0.0,https://hh.ru/vacancy/1000193
Финансовый аналитик,Москва,144592,186036,165314.0,0.0,https://hh.ru/job/1000194
Аналитик данных,Удалённо,43596,117512,80554.0,2.0,https://hh.ru/job/1000195
Маркетинг-аналитик,Москва,149779,163490,156634.5,0.5,https://hh.ru/job/1000196
Интернет-маркетолог,Новосибирск,46168,125486,85827.0,0.5,https://hh.ru/vacancy/1000197
Маркетинг-аналитик,Москва,148099,236069,192084.0,5.0,https://hh.ru/vacancy/1000198
Специалист по рекламе,Екатеринбург,47561,83268,65414.5,2.0,https://hh.ru/vacancy/1000199
Data Scientist (junior),Удалённо,113794,157904,135849.0,3.0,https://hh.ru/job/1000200
Финансовый аналитик,Новосибирск,122152,188940,155546.0,2.0,https://hh.ru/vacancy/1000201
Финансовый аналитик,Удалённо,66734,154613,110673.5,2.0,https://hh.ru/job/1000202
Интернет-маркетолог,Казань,46371,90198,68284.5,0.0,https://hh.ru/vacancy/1000203
Product manager (junior),Москва,158894,169549,164221.5,1.0,https://hh.ru/vacancy/1000204
Отчётный аналитик,Удалённо,66069,115928,90998.5,0.5,https://hh.ru/job/1000205
Интернет-маркетолог,Санкт-Петербург,119905,178530,149217.5,1.0,https://hh.ru/vacancy/1000206
Маркетинг-аналитик,Москва,52910,110008,81459.0,3.0,https://hh.ru/job/1000207
Интернет-маркетолог,Казань,113479,133730,123604.5,1.0,https://hh.ru/vacancy/1000208
Финансовый аналитик,Удалённо,117735,123261,120498.0,1.0,https://hh.ru/vacancy/1000209
Отчётный аналитик,Новосибирск,121264,195024,158144.0,1.0,https://hh.ru/job/1000210
BI-аналитик,Казань,63275,116112,89693.5,0.0,https://hh.ru/job/1000211
Data Engineer (junior),Санкт-Петербург,112274,128810,120542.0,1.0,https://hh.ru/job/1000212
Junior аналитик,Удалённо,121449,154990,138219.5,0.5,https://hh.ru/vacancy/1000213
Продуктовый аналитик,Екатеринбург,140776,224859,182817.5,0.5,https://hh.ru/vacancy/1000214
SQL-аналитик,Москва,100004,156031,128017.5,0.0,https://hh.ru/vacancy/1000215
Интернет-маркетолог,Новосибирск,102981,142512,122746.5,1.0,https://hh.ru/job/1000216
Специалист по рекламе,Екатеринбург,124659,138371,131515.0,3.0,https://hh.ru/job/1000217
Системный аналитик,Удалённо,94553,165008,129780.5,0.5,https://hh.ru/job/1000218
Data Scientist (junior),Удалённо,88447,168191,128319.0,1.0,https://hh.ru/vacancy/1000219
Data Engineer (junior),Казань,74529,84638,79583.5,2.0,https://hh.ru/vacancy/1000220
Junior аналитик,Удалённо,115703,169971,142837.0,0.5,https://hh.ru/job/1000221
Junior аналитик,Новосибирск,116090,175705,145897.5,3.0,https://hh.ru/vacancy/1000222
Junior аналитик,Екатеринбург,57260,144763,101011.5,1.0,https://hh.ru/job/1000223
Junior аналитик,Новосибирск,152581,187340,169960.5,1.0,https://hh.ru/vacancy/1000224
Маркетинг-аналитик,Санкт-Петербург,43812,108924,76368.0,2.0,https://hh.ru/vacancy/1000225
Специалист по рекламе,Санкт-Петербург,68024,99613,83818.5,0.5,https://hh.ru/job/1000226
Специалист по рекламе,Москва,98656,133671,116163.5,2.0,https://hh.ru/vacancy/1000227
Отчётный аналитик,Москва,156148,190157,173152.5,1.0,https://hh.ru/vacancy/1000228
SQL-аналитик,Санкт-Петербург,67285,155594,111439.5,3.0,https://hh.ru/job/1000229
Финансовый аналитик,Удалённо,132436,199482,165959.0,0.5,https://hh.ru/job/1000230
Junior аналитик,Новосибирск,156421,187564,171992.5,1.0,https://hh.ru/vacancy/1000231
Системный аналитик,Санкт-Петербург,41605,52759,47182.0,2.0,https://hh.ru/job/1000232
Финансовый аналитик,Москва,111158,137962,124560.0,0.0,https://hh.ru/vacancy/1000233
Специалист по рекламе,Санкт-Петербург,112303,158991,135647.0,1.0,https://hh.ru/job/1000234
Аналитик данных,Удалённо,67139,136427,101783.0,2.0,https://hh.ru/vacancy/1000235
Аналитик данных,Санкт-Петербург,117149,173344,145246.5,3.0,https://hh.ru/vacancy/1000236
Системный аналитик,Новосибирск,96138,121719,108928.5,1.0,https://hh.ru/job/1000237
Отчётный аналитик,Екатеринбург,158205,215853,187029.0,3.0,https://hh.ru/vacancy/1000238
Специалист по рекламе,Удалённо,116125,151212,133668.5,5.0,https://hh.ru/vacancy/1000239
Системный аналитик,Москва,53918,108848,81383.0,3.0,https://hh.ru/job/1000240
Маркетинг-аналитик,Новосибирск,125655,163636,144645.5,0.0,https://hh.ru/job/1000241
Интернет-маркетолог,Санкт-Петербург,67446,141744,104595.0,2.0,https://hh.ru/vacancy/1000242
Системный аналитик,Санкт-Петербург,53046,104213,78629.5,1.0,https://hh.ru/job/1000243
BI-аналитик,Екатеринбург,64818,145122,104970.0,5.0,https://hh.ru/job/1000244
Финансовый аналитик,Москва,140894,189302,165098.0,1.0,https://hh.ru/vacancy/1000245
Data Engineer (junior),Москва,155751,200250,178000.5,0.0,https://hh.ru/vacancy/1000246
Бизнес-аналитик,Казань,44324,101593,72958.5,2.0,https://hh.ru/job/1000247
Отчётный аналитик,Москва,116323,159882,138102.5,1.0,https://hh.ru/job/1000248
Системный аналитик,Екатеринбург,49111,128430,88770.5,5.0,https://hh.ru/job/1000249
Специалист по рекламе,Казань,78110,131897,105003.5,5.0,https://hh.ru/vacancy/1000250
Data Scientist (junior),Казань,56389,96877,76633.0,2.0,https://hh.ru/vacancy/1000251
Аналитик данных,Санкт-Петербург,81427,160868,121147.5,0.0,https://hh.ru/vacancy/1000252
BI-аналитик,Санкт-Петербург,119579,199242,159410.5,2.0,https://hh.ru/vacancy/1000253
SQL-аналитик,Москва,68746,96177,82461.5,0.0,https://hh.ru/vacancy/1000254
Junior аналитик,Казань,127886,194567,161226.5,0.0,https://hh.ru/vacancy/1000255
Бизнес-аналитик,Санкт-Петербург,147141,215624,181382.5,3.0,https://hh.ru/vacancy/1000256
Product manager (junior),Екатеринбург,40117,94270,67193.5,0.5,https://hh.ru/job/1000257
Отчётный аналитик,Санкт-Петербург,152221,163589,157905.0,1.0,https://hh.ru/job/1000258
Data Engineer (junior),Удалённо,124471,156895,140683.0,5.0,https://hh.ru/vacancy/1000259
Бизнес-аналитик,Удалённо,152613,202617,177615.0,1.0,https://hh.ru/vacancy/1000260
Системный аналитик,Санкт-Петербург,53234,142103,97668.5,0.5,https://hh.ru/vacancy/1000261
Маркетинг-аналитик,Казань,143864,205849,174856.5,5.0,https://hh.ru/job/1000262
Аналитик данных,Казань,93441,148510,120975.5,0.0,https://hh.ru/vacancy/1000263
Специалист по рекламе,Новосибирск,40846,98172,69509.0,3.0,https://hh.ru/job/1000264
Аналитик данных,Удалённо,50954,137015,93984.5,5.0,https://hh.ru/job/1000265
SQL-аналитик,Екатеринбург,119239,147637,133438.0,5.0,https://hh.ru/job/1000266
Маркетинг-аналитик,Казань,153689,209550,181619.5,2.0,https://hh.ru/job/1000267
Junior аналитик,Москва,86514,167411,126962.5,1.0,https://hh.ru/job/1000268
Специалист по рекламе,Удалённо,128236,215141,171688.5,0.5,https://hh.ru/vacancy/1000269
Финансовый аналитик,Екатеринбург,137579,211156,174367.5,3.0,https://hh.ru/vacancy/1000270
Продуктовый аналитик,Екатеринбург,46469,117110,81789.5,3.0,https://hh.ru/job/1000271
BI-аналитик,Казань,70105,84183,77144.0,1.0,https://hh.ru/vacancy/1000272
Аналитик данных,Екатеринбург,82101,112104,97102.5,0.5,https://hh.ru/job/1000273
Data Scientist (junior),Казань,104323,172091,138207.0,0.0,https://hh.ru/job/1000274
Аналитик данных,Санкт-Петербург,131922,187969,159945.5,0.0,https://hh.ru/vacancy/1000275
Бизнес-аналитик,Удалённо,98067,174693,136380.0,2.0,https://hh.ru/vacancy/1000276
Аналитик данных,Новосибирск,89376,152036,120706.0,1.0,https://hh.ru/vacancy/1000277
Отчётный аналитик,Санкт-Петербург,85587,140373,112980.0,5.0,https://hh.ru/vacancy/1000278
Аналитик данных,Удалённо,76976,83901,80438.5,2.0,https://hh.ru/vacancy/1000279
Продуктовый аналитик,Казань,144587,233563,189075.0,0.5,https://hh.ru/job/1000280
Продуктовый аналитик,Удалённо,107584,138599,123091.5,2.0,https://hh.ru/vacancy/1000281
Junior аналитик,Казань,144537,182857,163697.0,1.0,https://hh.ru/vacancy/1000282
Data Engineer (junior),Санкт-Петербург,118477,188358,153417.5,2.0,https://hh.ru/vacancy/1000283
Финансовый аналитик,Москва,150911,182200,166555.5,2.0,https://hh.ru/job/1000284
Data Scientist (junior),Москва,82533,90922,86727.5,3.0,https://hh.ru/vacancy/1000285
Аналитик данных,Удалённо,41828,72511,57169.5,3.0,https://hh.ru/job/1000286
Аналитик данных,Москва,41917,60546,51231.5,0.5,https://hh.ru/vacancy/1000287
BI-аналитик,Казань,60618,127168,93893.0,0.0,https://hh.ru/vacancy/1000288
Специалист по рекламе,Екатеринбург,72254,102080,87167.0,2.0,https://hh.ru/job/1000289
Продуктовый аналитик,Казань,145292,176922,161107.0,0.0,https://hh.ru/vacancy/1000290
Data Scientist (junior),Екатеринбург,156714,207877,182295.5,1.0,https://hh.ru/vacancy/1000291
Junior аналитик,Санкт-Петербург,87362,158797,123079.5,0.0,https://hh.ru/job/1000292
SQL-аналитик,Новосибирск,60128,76781,68454.5,2.0,https://hh.ru/vacancy/1000293
Data Engineer (junior),Екатеринбург,151281,184242,167761.5,0.5,https://hh.ru/job/1000294
Финансовый аналитик,Москва,99383,186324,142853.5,2.0,https://hh.ru/job/1000295
Маркетинг-аналитик,Казань,105545,184682,145113.5,5.0,https://hh.ru/job/1000296
Финансовый аналитик,Санкт-Петербург,122180,160842,141511.0,0.0,https://hh.ru/job/1000297
Отчётный аналитик,Москва,127958,189404,158681.0,0.0,https://hh.ru/job/1000298
Бизнес-аналитик,Санкт-Петербург,49865,76153,63009.0,1.0,https://hh.ru/vacancy/1000299
Отчётный аналитик,Новосибирск,42219,84096,63157.5,3.0,https://hh.ru/vacancy/1000300
Аналитик данных,Казань,79809,100122,89965.5,0.5,https://hh.ru/vacancy/1000301
Product manager (junior),Удалённо,156748,242633,199690.5,1.0,https://hh.ru/job/1000302
Data Engineer (junior),Казань,45287,123002,84144.5,0.0,https://hh.ru/job/1000303
Бизнес-аналитик,Новосибирск,74387,89713,82050.0,3.0,https://hh.ru/job/1000304
Data Scientist (junior),Казань,48512,55072,51792.0,1.0,https://hh.ru/job/1000305
Маркетинг-аналитик,Удалённо,41342,125490,83416.0,3.0,https://hh.ru/vacancy/1000306
Продуктовый аналитик,Екатеринбург,103076,191262,147169.0,5.0,https://hh.ru/vacancy/1000307
Data Engineer (junior),Санкт-Петербург,148872,180617,164744.5,0.5,https://hh.ru/job/1000308
Data Engineer (junior),Удалённо,59216,96106,77661.0,3.0,https://hh.ru/job/1000309
Отчётный аналитик,Москва,157512,182534,170023.0,0.0,https://hh.ru/vacancy/1000310
Product manager (junior),Новосибирск,156682,214261,185471.5,3.0,https://hh.ru/job/1000311
Аналитик данных,Екатеринбург,133070,208386,170728.0,2.0,https://hh.ru/job/1000312
Системный аналитик,Москва,119767,208614,164190.5,3.0,https://hh.ru/job/1000313
Junior аналитик,Москва,137829,171209,154519.0,0.0,https://hh.ru/vacancy/1000314
Отчётный аналитик,Новосибирск,66614,73970,70292.0,0.5,https://hh.ru/vacancy/1000315
Data Engineer (junior),Екатеринбург,76258,151584,113921.0,1.0,https://hh.ru/job/1000316
Интернет-маркетолог,Москва,133789,158838,146313.5,1.0,https://hh.ru/vacancy/1000317
BI-аналитик,Москва,82078,162795,122436.5,0.5,https://hh.ru/job/1000318
Маркетинг-аналитик,Екатеринбург,146288,167370,156829.0,1.0,https://hh.ru/job/1000319
Junior аналитик,Казань,123524,129185,126354.5,0.0,https://hh.ru/vacancy/1000320
Отчётный аналитик,Москва,136573,178985,157779.0,1.0,https://hh.ru/job/1000321
Маркетинг-аналитик,Санкт-Петербург,52219,60139,56179.0,3.0,https://hh.ru/job/1000322
BI-аналитик,Екатеринбург,40235,105550,72892.5,1.0,https://hh.ru/vacancy/1000323
SQL-аналитик,Москва,82929,167490,125209.5,0.0,https://hh.ru/job/1000324
BI-аналитик,Новосибирск,107444,121390,114417.0,1.0,https://hh.ru/job/1000325
Product manager (junior),Удалённо,48567,99067,73817.0,0.0,https://hh.ru/job/1000326
BI-аналитик,Санкт-Петербург,141834,163143,152488.5,5.0,https://hh.ru/vacancy/1000327
Маркетинг-аналитик,Удалённо,110792,171022,140907.0,0.0,https://hh.ru/job/1000328
Финансовый аналитик,Удалённо,105441,140468,122954.5,2.0,https://hh.ru/vacancy/1000329
Маркетинг-аналитик,Москва,124555,202096,163325.5,5.0,https://hh.ru/job/1000330
Системный аналитик,Санкт-Петербург,113698,178019,145858.5,3.0,https://hh.ru/job/1000331
Аналитик данных,Санкт-Петербург,157248,163204,160226.0,2.0,https://hh.ru/job/1000332
Бизнес-аналитик,Казань,45415,124546,84980.5,3.0,https://hh.ru/job/1000333
Финансовый аналитик,Удалённо,76159,129067,102613.0,5.0,https://hh.ru/vacancy/1000334
Продуктовый аналитик,Санкт-Петербург,83925,167264,125594.5,2.0,https://hh.ru/vacancy/1000335
Бизнес-аналитик,Казань,45951,76914,61432.5,2.0,https://hh.ru/job/1000336
Аналитик данных,Екатеринбург,127388,171831,149609.5,2.0,https://hh.ru/job/1000337
Отчётный аналитик,Казань,48007,92070,70038.5,1.0,https://hh.ru/job/1000338
Junior аналитик,Новосибирск,81832,167650,124741.0,2.0,https://hh.ru/job/1000339
Системный аналитик,Москва,98596,108299,103447.5,1.0,https://hh.ru/job/1000340
Системный аналитик,Екатеринбург,70523,140651,105587.0,0.5,https://hh.ru/job/1000341
Продуктовый аналитик,Екатеринбург,128861,205960,167410.5,0.0,https://hh.ru/job/1000342
Финансовый аналитик,Новосибирск,126740,157589,142164.5,0.0,https://hh.ru/job/1000343
Product manager (junior),Казань,55524,92384,73954.0,0.5,https://hh.ru/vacancy/1000344
Специалист по рекламе,Москва,59282,95867,77574.5,0.0,https://hh.ru/vacancy/1000345
SQL-аналитик,Казань,63930,90945,77437.5,2.0,https://hh.ru/vacancy/1000346
BI-аналитик,Санкт-Петербург,40077,122616,81346.5,0.5,https://hh.ru/job/1000347
Финансовый аналитик,Казань,145881,194466,170173.5,3.0,https://hh.ru/job/1000348
Junior аналитик,Екатеринбург,60611,92569,76590.0,0.0,https://hh.ru/job/1000349
SQL-аналитик,Москва,56984,88001,72492.5,0.5,https://hh.ru/vacancy/1000350
Системный аналитик,Казань,54060,135767,94913.5,2.0,https://hh.ru/job/1000351
Маркетинг-аналитик,Москва,122985,173335,148160.0,2.0,https://hh.ru/vacancy/1000352
Junior аналитик,Москва,124056,141257,132656.5,0.0,https://hh.ru/job/1000353
Аналитик данных,Санкт-Петербург,83303,117729,100516.0,3.0,https://hh.ru/vacancy/1000354
Продуктовый аналитик,Санкт-Петербург,99207,121985,110596.0,3.0,https://hh.ru/vacancy/1000355
Аналитик данных,Екатеринбург,115046,165287,140166.5,1.0,https://hh.ru/vacancy/1000356
Специалист по рекламе,Новосибирск,69287,116516,92901.5,1.0,https://hh.ru/job/1000357
Junior аналитик,Москва,133709,187073,160391.0,5.0,https://hh.ru/vacancy/1000358
Data Scientist (junior),Новосибирск,79711,169589,124650.0,2.0,https://hh.ru/job/1000359
Data Scientist (junior),Екатеринбург,51954,114010,82982.0,1.0,https://hh.ru/job/1000360
Отчётный аналитик,Москва,113340,145830,129585.0,3.0,https://hh.ru/job/1000361
Финансовый аналитик,Москва,112101,137076,124588.5,0.5,https://hh.ru/job/1000362
Системный аналитик,Удалённо,111520,143243,127381.5,1.0,https://hh.ru/job/1000363
Системный аналитик,Новосибирск,127062,155341,141201.5,0.5,https://hh.ru/vacancy/1000364
BI-аналитик,Казань,142974,226275,184624.5,3.0,https://hh.ru/job/1000365
BI-аналитик,Санкт-Петербург,58574,75135,66854.5,2.0,https://hh.ru/job/1000366
BI-аналитик,Казань,49184,120245,84714.5,2.0,https://hh.ru/job/1000367
Маркетинг-аналитик,Новосибирск,59096,113249,86172.5,0.5,https://hh.ru/job/1000368
Бизнес-аналитик,Санкт-Петербург,107728,145870,126799.0,0.5,https://hh.ru/job/1000369
Data Engineer (junior),Казань,74016,105932,89974.0,1.0,https://hh.ru/vacancy/1000370
Бизнес-аналитик,Удалённо,51246,120570,85908.0,2.0,https://hh.ru/vacancy/1000371
Аналитик данных,Санкт-Петербург,85558,135523,110540.5,1.0,https://hh.ru/job/1000372
Бизнес-аналитик,Москва,158721,168369,163545.0,0.0,https://hh.ru/vacancy/1000373
Маркетинг-аналитик,Казань,58381,98514,78447.5,3.0,https://hh.ru/vacancy/1000374
Отчётный аналитик,Санкт-Петербург,76455,132132,104293.5,0.0,https://hh.ru/job/1000375
Аналитик данных,Удалённо,132263,207398,169830.5,5.0,https://hh.ru/vacancy/1000376
Бизнес-аналитик,Санкт-Петербург,44018,84064,64041.0,0.0,https://hh.ru/job/1000377
Маркетинг-аналитик,Санкт-Петербург,51302,103366,77334.0,2.0,https://hh.ru/vacancy/1000378
Data Engineer (junior),Удалённо,107506,181856,144681.0,0.0,https://hh.ru/vacancy/1000379
Бизнес-аналитик,Казань,81157,132050,106603.5,5.0,https://hh.ru/vacancy/1000380
Маркетинг-аналитик,Екатеринбург,94917,161189,128053.0,1.0,https://hh.ru/job/1000381
Специалист по рекламе,Казань,132738,205387,169062.5,0.0,https://hh.ru/vacancy/1000382
BI-аналитик,Новосибирск,136646,206320,171483.0,1.0,https://hh.ru/vacancy/1000383
Специалист по рекламе,Удалённо,123122,141882,132502.0,0.5,https://hh.ru/job/1000384
Системный аналитик,Казань,64519,91446,77982.5,0.5,https://hh.ru/job/1000385
BI-аналитик,Санкт-Петербург,136809,203176,169992.5,5.0,https://hh.ru/vacancy/1000386
Системный аналитик,Удалённо,127487,145075,136281.0,1.0,https://hh.ru/job/1000387
Интернет-маркетолог,Москва,96819,154052,125435.5,3.0,https://hh.ru/vacancy/1000388
Продуктовый аналитик,Казань,120910,170648,145779.0,2.0,https://hh.ru/vacancy/1000389
Специалист по рекламе,Удалённо,111324,149721,130522.5,2.0,https://hh.ru/job/1000390
Продуктовый аналитик,Казань,45408,132597,89002.5,0.0,https://hh.ru/job/1000391
Продуктовый аналитик,Удалённо,99379,180746,140062.5,0.5,https://hh.ru/job/1000392
Data Engineer (junior),Санкт-Петербург,65053,141313,103183.0,3.0,https://hh.ru/vacancy/1000393
BI-аналитик,Москва,49446,131065,90255.5,5.0,https://hh.ru/job/1000394
Интернет-маркетолог,Москва,40922,65738,53330.0,0.5,https://hh.ru/vacancy/1000395
Системный аналитик,Новосибирск,138723,185963,162343.0,0.5,https://hh.ru/job/1000396
Маркетинг-аналитик,Удалённо,91356,102632,96994.0,1.0,https://hh.ru/vacancy/1000397
Аналитик данных,Казань,50789,135319,93054.0,5.0,https://hh.ru/job/1000398
Маркетинг-аналитик,Москва,137720,166219,151969.5,0.5,https://hh.ru/vacancy/1000399
Аналитик данных,Москва,106656,194151,150403.5,1.0,https://hh.ru/job/1000400
Специалист по рекламе,Екатеринбург,84028,160663,122345.5,3.0,https://hh.ru/vacancy/1000401
Data Scientist (junior),Екатеринбург,104484,145430,124957.0,0.0,https://hh.ru/job/1000402
Маркетинг-аналитик,Москва,72154,132358,102256.0,0.0,https://hh.ru/job/1000403
Бизнес-аналитик,Удалённо,122870,179756,151313.0,2.0,https://hh.ru/vacancy/1000404
Бизнес-аналитик,Новосибирск,42336,118988,80662.0,5.0,https://hh.ru/job/1000405
Финансовый аналитик,Москва,143677,164240,153958.5,0.5,https://hh.ru/vacancy/1000406
BI-аналитик,Санкт-Петербург,107779,122626,115202.5,1.0,https://hh.ru/vacancy/1000407
Аналитик данных,Казань,59029,90184,74606.5,1.0,https://hh.ru/job/1000408
Аналитик данных,Новосибирск,99201,183872,141536.5,1.0,https://hh.ru/vacancy/1000409
Junior аналитик,Санкт-Петербург,72265,160575,116420.0,2.0,https://hh.ru/job/1000410
Отчётный аналитик,Новосибирск,142916,215194,179055.0,1.0,https://hh.ru/job/1000411
BI-аналитик,Санкт-Петербург,152250,175559,163904.5,1.0,https://hh.ru/vacancy/1000412
Data Engineer (junior),Казань,156553,162172,159362.5,1.0,https://hh.ru/job/1000413
Финансовый аналитик,Казань,83872,172066,127969.0,2.0,https://hh.ru/vacancy/1000414
Data Engineer (junior),Екатеринбург,86197,141305,113751.0,1.0,https://hh.ru/vacancy/1000415
Специалист по рекламе,Удалённо,95180,134887,115033.5,3.0,https://hh.ru/job/1000416
Специалист по рекламе,Санкт-Петербург,63710,89047,76378.5,0.0,https://hh.ru/job/1000417
Data Engineer (junior),Екатеринбург,69486,156023,112754.5,3.0,https://hh.ru/vacancy/1000418
Data Engineer (junior),Санкт-Петербург,111907,183411,147659.0,3.0,https://hh.ru/vacancy/1000419
Интернет-маркетолог,Екатеринбург,111895,164509,138202.0,0.5,https://hh.ru/job/1000420
BI-аналитик,Казань,104435,109716,107075.5,1.0,https://hh.ru/job/1000421
Data Engineer (junior),Новосибирск,80631,113051,96841.0,1.0,https://hh.ru/job/1000422
Бизнес-аналитик,Екатеринбург,141532,227428,184480.0,0.5,https://hh.ru/job/1000423
Отчётный аналитик,Санкт-Петербург,60103,104133,82118.0,1.0,https://hh.ru/vacancy/1000424
Отчётный аналитик,Санкт-Петербург,104772,110830,107801.0,0.0,https://hh.ru/job/1000425
Продуктовый аналитик,Удалённо,54382,135642,95012.0,0.5,https://hh.ru/vacancy/1000426
Data Scientist (junior),Казань,124291,157695,140993.0,3.0,https://hh.ru/vacancy/1000427
Специалист по рекламе,Санкт-Петербург,141195,176051,158623.0,0.5,https://hh.ru/job/1000428
Аналитик данных,Москва,43756,57956,50856.0,3.0,https://hh.ru/vacancy/1000429
Junior аналитик,Новосибирск,60609,129787,95198.0,1.0,https://hh.ru/job/1000430
Product manager (junior),Екатеринбург,154074,193071,173572.5,3.0,https://hh.ru/vacancy/1000431
Аналитик данных,Удалённо,56478,87089,71783.5,2.0,https://hh.ru/job/1000432
Data Scientist (junior),Новосибирск,140978,187213,164095.5,0.0,https://hh.ru/vacancy/1000433
Junior аналитик,Казань,79666,119723,99694.5,2.0,https://hh.ru/vacancy/1000434
Интернет-маркетолог,Удалённо,115683,121922,118802.5,0.0,https://hh.ru/job/1000435
BI-аналитик,Екатеринбург,139097,209758,174427.5,1.0,https://hh.ru/job/1000436
Маркетинг-аналитик,Екатеринбург,140420,190692,165556.0,5.0,https://hh.ru/vacancy/1000437
BI-аналитик,Москва,111315,177527,144421.0,0.5,https://hh.ru/vacancy/1000438
Аналитик данных,Казань,117834,138232,128033.0,1.0,https://hh.ru/job/1000439
Аналитик данных,Удалённо,54153,115656,84904.5,2.0,https://hh.ru/vacancy/1000440
Junior аналитик,Удалённо,149415,161053,155234.0,3.0,https://hh.ru/job/1000441
Junior аналитик,Санкт-Петербург,116325,127895,122110.0,2.0,https://hh.ru/vacancy/1000442
Специалист по рекламе,Москва,149701,223486,186593.5,0.5,https://hh.ru/job/1000443
Интернет-маркетолог,Москва,52999,67109,60054.0,2.0,https://hh.ru/vacancy/1000444
Специалист по рекламе,Удалённо,95318,179459,137388.5,0.5,https://hh.ru/job/1000445
Data Scientist (junior),Удалённо,40814,57929,49371.5,2.0,https://hh.ru/job/1000446
Data Engineer (junior),Новосибирск,155033,199095,177064.0,5.0,https://hh.ru/vacancy/1000447
BI-аналитик,Новосибирск,116077,143988,130032.5,2.0,https://hh.ru/job/1000448
Junior аналитик,Новосибирск,130474,168030,149252.0,3.0,https://hh.ru/vacancy/1000449
Системный аналитик,Москва,42443,125574,84008.5,0.0,https://hh.ru/job/1000450
Data Scientist (junior),Санкт-Петербург,115993,122962,119477.5,2.0,https://hh.ru/job/1000451
Бизнес-аналитик,Екатеринбург,115916,164669,140292.5,3.0,https://hh.ru/job/1000452
Интернет-маркетолог,Новосибирск,113319,201130,157224.5,0.0,https://hh.ru/vacancy/1000453
Аналитик данных,Санкт-Петербург,149777,159247,154512.0,3.0,https://hh.ru/job/1000454
Специалист по рекламе,Казань,57368,72593,64980.5,0.5,https://hh.ru/vacancy/1000455
Data Scientist (junior),Новосибирск,55328,83524,69426.0,2.0,https://hh.ru/job/1000456
Product manager (junior),Екатеринбург,96942,115611,106276.5,3.0,https://hh.ru/vacancy/1000457
BI-аналитик,Казань,131751,174131,152941.0,2.0,https://hh.ru/vacancy/1000458
Junior аналитик,Казань,139131,192451,165791.0,0.0,https://hh.ru/vacancy/1000459
Аналитик данных,Екатеринбург,67306,119720,93513.0,2.0,https://hh.ru/job/1000460
Маркетинг-аналитик,Новосибирск,125451,146028,135739.5,1.0,https://hh.ru/vacancy/1000461
Product manager (junior),Москва,79915,140324,110119.5,5.0,https://hh.ru/job/1000462
Интернет-маркетолог,Екатеринбург,77219,110844,94031.5,1.0,https://hh.ru/vacancy/1000463
Data Scientist (junior),Екатеринбург,120879,206919,163899.0,1.0,https://hh.ru/vacancy/1000464
Финансовый аналитик,Екатеринбург,151939,181028,166483.5,2.0,https://hh.ru/vacancy/1000465
Аналитик данных,Казань,104644,146131,125387.5,1.0,https://hh.ru/vacancy/1000466
BI-аналитик,Санкт-Петербург,100279,171117,135698.0,2.0,https://hh.ru/job/1000467
Продуктовый аналитик,Москва,93028,148166,120597.0,2.0,https://hh.ru/vacancy/1000468
Системный аналитик,Новосибирск,144263,192086,168174.5,3.0,https://hh.ru/vacancy/1000469
SQL-аналитик,Новосибирск,40126,82334,61230.0,2.0,https://hh.ru/job/1000470
Product manager (junior),Санкт-Петербург,92329,151390,121859.5,1.0,https://hh.ru/vacancy/1000471
Data Engineer (junior),Екатеринбург,67632,103291,85461.5,0.0,https://hh.ru/vacancy/1000472
SQL-аналитик,Москва,147099,183989,165544.0,0.0,https://hh.ru/vacancy/1000473
BI-аналитик,Новосибирск,105310,189444,147377.0,0.5,https://hh.ru/vacancy/1000474
Бизнес-аналитик,Удалённо,149945,202000,175972.5,0.5,https://hh.ru/job/1000475
Специалист по рекламе,Новосибирск,95176,119684,107430.0,2.0,https://hh.ru/job/1000476
Бизнес-аналитик,Екатеринбург,159797,207084,183440.5,2.0,https://hh.ru/vacancy/1000477
Продуктовый аналитик,Удалённо,126066,209982,168024.0,1.0,https://hh.ru/job/1000478
Product manager (junior),Санкт-Петербург,145500,177484,161492.0,3.0,https://hh.ru/job/1000479
Data Engineer (junior),Москва,84327,97452,90889.5,5.0,https://hh.ru/vacancy/1000480
Финансовый аналитик,Санкт-Петербург,108904,149963,129433.5,3.0,https://hh.ru/job/1000481
Продуктовый аналитик,Санкт-Петербург,43797,118366,81081.5,2.0,https://hh.ru/vacancy/1000482
Product manager (junior),Москва,87882,109969,98925.5,1.0,https://hh.ru/job/1000483
Отчётный аналитик,Москва,53718,64422,59070.0,1.0,https://hh.ru/job/1000484
SQL-аналитик,Новосибирск,74560,140136,107348.0,0.0,https://hh.ru/job/1000485
Продуктовый аналитик,Новосибирск,116589,194973,155781.0,1.0,https://hh.ru/vacancy/1000486
SQL-аналитик,Москва,62116,139576,100846.0,5.0,https://hh.ru/job/1000487
Аналитик данных,Удалённо,76244,108452,92348.0,3.0,https://hh.ru/vacancy/1000488
Бизнес-аналитик,Казань,141721,212745,177233.0,0.5,https://hh.ru/vacancy/1000489
Аналитик данных,Новосибирск,41645,86527,64086.0,1.0,https://hh.ru/job/1000490
Системный аналитик,Казань,87523,118446,102984.5,3.0,https://hh.ru/vacancy/1000491
Отчётный аналитик,Удалённо,157718,191883,174800.5,0.0,https://hh.ru/job/1000492
Data Engineer (junior),Москва,59256,131459,95357.5,1.0,https://hh.ru/vacancy/1000493
Финансовый аналитик,Удалённо,141376,150490,145933.0,3.0,https://hh.ru/vacancy/1000494
Интернет-маркетолог,Новосибирск,140158,210123,175140.5,1.0,https://hh.ru/job/1000495
SQL-аналитик,Санкт-Петербург,93173,134494,113833.5,0.0,https://hh.ru/job/1000496
Финансовый аналитик,Москва,77430,155727,116578.5,1.0,https://hh.ru/job/1000497
SQL-аналитик,Екатеринбург,79282,109708,94495.0,3.0,https://hh.ru/job/1000498
BI-аналитик,Казань,159719,182491,171105.0,2.0,https://hh.ru/vacancy/1000499
Продуктовый аналитик,Удалённо,103374,112086,107730.0,0.5,https://hh.ru/vacancy/1000500
Системный аналитик,Москва,108244,114611,111427.5,1.0,https://hh.ru/vacancy/1000501
Бизнес-аналитик,Удалённо,51694,108618,80156.0,1.0,https://hh.ru/job/1000502
Интернет-маркетолог,Москва,96264,104990,100627.0,2.0,https://hh.ru/vacancy/1000503
Junior аналитик,Новосибирск,115060,147783,131421.5,3.0,https://hh.ru/job/1000504
SQL-аналитик,Новосибирск,137416,151524,144470.0,0.0,https://hh.ru/vacancy/1000505
Финансовый аналитик,Новосибирск,97545,180259,138902.0,3.0,https://hh.ru/job/1000506
Системный аналитик,Удалённо,158195,198838,178516.5,0.0,https://hh.ru/vacancy/1000507
Маркетинг-аналитик,Екатеринбург,79224,115548,97386.0,1.0,https://hh.ru/vacancy/1000508
Интернет-маркетолог,Новосибирск,142516,230876,186696.0,0.0,https://hh.ru/job/1000509
Маркетинг-аналитик,Москва,137945,151872,144908.5,1.0,https://hh.ru/vacancy/1000510
Аналитик данных,Новосибирск,53224,80667,66945.5,1.0,https://hh.ru/job/1000511
Бизнес-аналитик,Санкт-Петербург,80738,165711,123224.5,1.0,https://hh.ru/vacancy/1000512
Специалист по рекламе,Новосибирск,65150,133599,99374.5,0.5,https://hh.ru/vacancy/1000513
Специалист по рекламе,Удалённо,103731,185474,144602.5,2.0,https://hh.ru/job/1000514
Junior аналитик,Екатеринбург,89688,154921,122304.5,0.0,https://hh.ru/job/1000515
BI-аналитик,Санкт-Петербург,139929,170466,155197.5,3.0,https://hh.ru/vacancy/1000516
Финансовый аналитик,Удалённо,148618,231194,189906.0,5.0,https://hh.ru/vacancy/1000517
Product manager (junior),Удалённо,113509,141121,127315.0,1.0,https://hh.ru/vacancy/1000518
Junior аналитик,Удалённо,48577,60048,54312.5,1.0,https://hh.ru/vacancy/1000519
Продуктовый аналитик,Москва,48070,88701,68385.5,1.0,https://hh.ru/vacancy/1000520
Продуктовый аналитик,Удалённо,48666,85014,66840.0,0.0,https://hh.ru/vacancy/1000521
Финансовый аналитик,Москва,97761,167493,132627.0,1.0,https://hh.ru/job/1000522
Product manager (junior),Удалённо,76368,82545,79456.5,3.0,https://hh.ru/job/1000523
Data Engineer (junior),Казань,46783,56543,51663.0,2.0,https://hh.ru/job/1000524
BI-аналитик,Санкт-Петербург,151530,189309,170419.5,0.0,https://hh.ru/vacancy/1000525
Системный аналитик,Казань,81914,108550,95232.0,3.0,https://hh.ru/vacancy/1000526
SQL-аналитик,Удалённо,110507,197396,153951.5,1.0,https://hh.ru/vacancy/1000527
Product manager (junior),Санкт-Петербург,119026,177577,148301.5,3.0,https://hh.ru/job/1000528
Специалист по рекламе,Санкт-Петербург,155893,172449,164171.0,2.0,https://hh.ru/job/1000529
Интернет-маркетолог,Екатеринбург,151255,183853,167554.0,2.0,https://hh.ru/vacancy/1000530
Data Engineer (junior),Казань,150616,167179,158897.5,0.0,https://hh.ru/vacancy/1000531
SQL-аналитик,Екатеринбург,107526,159345,133435.5,0.5,https://hh.ru/job/1000532
SQL-аналитик,Санкт-Петербург,110835,189605,150220.0,5.0,https://hh.ru/job/1000533
Data Engineer (junior),Москва,85765,117731,101748.0,0.5,https://hh.ru/job/1000534
Аналитик данных,Санкт-Петербург,59956,146665,103310.5,5.0,https://hh.ru/vacancy/1000535
Маркетинг-аналитик,Екатеринбург,127895,192784,160339.5,1.0,https://hh.ru/vacancy/1000536
SQL-аналитик,Казань,86240,118227,102233.5,0.0,https://hh.ru/vacancy/1000537
Data Engineer (junior),Удалённо,77148,160862,119005.0,0.0,https://hh.ru/job/1000538
Product manager (junior),Удалённо,134270,197618,165944.0,0.5,https://hh.ru/job/1000539
Data Engineer (junior),Казань,44757,74353,59555.0,5.0,https://hh.ru/vacancy/1000540
Отчётный аналитик,Удалённо,59097,97271,78184.0,1.0,https://hh.ru/vacancy/1000541
Junior аналитик,Удалённо,50395,119501,84948.0,1.0,https://hh.ru/job/1000542
Data Scientist (junior),Екатеринбург,56241,131208,93724.5,1.0,https://hh.ru/vacancy/1000543
Аналитик данных,Казань,143892,208074,175983.0,0.0,https://hh.ru/job/1000544
Бизнес-аналитик,Новосибирск,67696,112006,89851.0,1.0,https://hh.ru/job/1000545
Data Scientist (junior),Москва,155654,216742,186198.0,0.0,https://hh.ru/vacancy/1000546
Junior аналитик,Москва,110480,124386,117433.0,3.0,https://hh.ru/job/1000547
Junior аналитик,Удалённо,86163,128077,107120.0,1.0,https://hh.ru/vacancy/1000548
Junior аналитик,Москва,59816,110195,85005.5,1.0,https://hh.ru/job/1000549
Data Scientist (junior),Казань,89840,173452,131646.0,1.0,https://hh.ru/job/1000550
Финансовый аналитик,Казань,142547,185197,163872.0,1.0,https://hh.ru/vacancy/1000551
Маркетинг-аналитик,Санкт-Петербург,92853,144734,118793.5,5.0,https://hh.ru/job/1000552
Data Engineer (junior),Санкт-Петербург,64917,116330,90623.5,1.0,https://hh.ru/vacancy/1000553
Интернет-маркетолог,Москва,136731,147743,142237.0,0.0,https://hh.ru/vacancy/1000554
Маркетинг-аналитик,Новосибирск,61566,116681,89123.5,2.0,https://hh.ru/job/1000555
Специалист по рекламе,Санкт-Петербург,115452,127603,121527.5,0.5,https://hh.ru/vacancy/1000556
Product manager (junior),Санкт-Петербург,102823,165539,134181.0,0.0,https://hh.ru/vacancy/1000557
BI-аналитик,Казань,60806,102184,81495.0,5.0,https://hh.ru/vacancy/1000558
Финансовый аналитик,Новосибирск,115520,163172,139346.0,3.0,https://hh.ru/vacancy/1000559
Бизнес-аналитик,Удалённо,41759,119189,80474.0,5.0,https://hh.ru/vacancy/1000560
Маркетинг-аналитик,Москва,81949,100416,91182.5,1.0,https://hh.ru/vacancy/1000561
Интернет-маркетолог,Санкт-Петербург,132374,168384,150379.0,1.0,https://hh.ru/job/1000562
Продуктовый аналитик,Новосибирск,42482,102173,72327.5,0.5,https://hh.ru/vacancy/1000563
Junior аналитик,Новосибирск,64442,133599,99020.5,0.5,https://hh.ru/job/1000564
SQL-аналитик,Москва,73719,91008,82363.5,3.0,https://hh.ru/job/1000565
Специалист по рекламе,Новосибирск,98066,148042,123054.0,1.0,https://hh.ru/vacancy/1000566
BI-аналитик,Новосибирск,133501,182097,157799.0,3.0,https://hh.ru/job/1000567
Аналитик данных,Новосибирск,42079,70250,56164.5,2.0,https://hh.ru/job/1000568
Бизнес-аналитик,Санкт-Петербург,42717,91856,67286.5,0.5,https://hh.ru/vacancy/1000569
Product manager (junior),Москва,99676,153389,126532.5,1.0,https://hh.ru/vacancy/1000570
BI-аналитик,Новосибирск,67952,102686,85319.0,2.0,https://hh.ru/vacancy/1000571
Junior аналитик,Новосибирск,126444,204032,165238.0,0.5,https://hh.ru/job/1000572
SQL-аналитик,Санкт-Петербург,82460,151106,116783.0,3.0,https://hh.ru/job/1000573
Финансовый аналитик,Москва,130397,139051,134724.0,1.0,https://hh.ru/vacancy/1000574
SQL-аналитик,Казань,112847,136590,124718.5,0.5,https://hh.ru/vacancy/1000575
Data Scientist (junior),Санкт-Петербург,133607,186975,160291.0,2.0,https://hh.ru/job/1000576
SQL-аналитик,Москва,129106,208278,168692.0,5.0,https://hh.ru/job/1000577
Data Scientist (junior),Новосибирск,58449,69890,64169.5,0.5,https://hh.ru/job/1000578
Специалист по рекламе,Москва,73536,103147,88341.5,3.0,https://hh.ru/job/1000579
Финансовый аналитик,Москва,104077,121226,112651.5,0.5,https://hh.ru/vacancy/1000580
Product manager (junior),Удалённо,78258,142447,110352.5,3.0,https://hh.ru/job/1000581
Системный аналитик,Москва,88302,114977,101639.5,2.0,https://hh.ru/job/1000582
Junior аналитик,Казань,68865,144896,106880.5,1.0,https://hh.ru/job/1000583
Data Scientist (junior),Москва,46645,94313,70479.0,1.0,https://hh.ru/job/1000584
Аналитик данных,Казань,159771,178444,169107.5,3.0,https://hh.ru/vacancy/1000585
SQL-аналитик,Новосибирск,78000,159666,118833.0,1.0,https://hh.ru/vacancy/1000586
SQL-аналитик,Казань,66737,152495,109616.0,2.0,https://hh.ru/job/1000587
Аналитик данных,Новосибирск,51485,121914,86699.5,0.0,https://hh.ru/job/1000588
Product manager (junior),Новосибирск,78565,107234,92899.5,3.0,https://hh.ru/vacancy/1000589
Продуктовый аналитик,Казань,65522,104590,85056.0,2.0,https://hh.ru/vacancy/1000590
Специалист по рекламе,Санкт-Петербург,159614,174049,166831.5,5.0,https://hh.ru/job/1000591
Data Engineer (junior),Екатеринбург,105155,162404,133779.5,0.0,https://hh.ru/job/1000592
Системный аналитик,Москва,95168,137552,116360.0,2.0,https://hh.ru/vacancy/1000593
Бизнес-аналитик,Удалённо,92487,179416,135951.5,2.0,https://hh.ru/vacancy/1000594
Интернет-маркетолог,Екатеринбург,52342,133495,92918.5,1.0,https://hh.ru/vacancy/1000595
Data Scientist (junior),Москва,80806,161194,121000.0,1.0,https://hh.ru/vacancy/1000596
Аналитик данных,Москва,88770,125171,106970.5,0.0,https://hh.ru/vacancy/1000597
Интернет-маркетолог,Новосибирск,118623,195454,157038.5,2.0,https://hh.ru/vacancy/1000598
Финансовый аналитик,Москва,143177,182261,162719.0,1.0,https://hh.ru/job/1000599
Product manager (junior),Удалённо,139785,200611,170198.0,0.0,https://hh.ru/vacancy/1000600
Data Scientist (junior),Москва,115629,157080,136354.5,2.0,https://hh.ru/vacancy/1000601
Data Engineer (junior),Казань,92603,104830,98716.5,1.0,https://hh.ru/vacancy/1000602
Интернет-маркетолог,Екатеринбург,152726,189636,171181.0,0.0,https://hh.ru/vacancy/1000603
Финансовый аналитик,Казань,121974,163015,142494.5,5.0,https://hh.ru/job/1000604
BI-аналитик,Удалённо,145947,216628,181287.5,5.0,https://hh.ru/job/1000605
Junior аналитик,Москва,66399,152970,109684.5,1.0,https://hh.ru/vacancy/1000606
SQL-аналитик,Удалённо,125382,195863,160622.5,0.0,https://hh.ru/job/1000607
BI-аналитик,Новосибирск,121244,194820,158032.0,3.0,https://hh.ru/job/1000608
Data Scientist (junior),Казань,149575,218749,184162.0,1.0,https://hh.ru/job/1000609
Data Engineer (junior),Казань,155520,186680,171100.0,1.0,https://hh.ru/job/1000610
Системный аналитик,Санкт-Петербург,150904,173537,162220.5,1.0,https://hh.ru/job/1000611
Интернет-маркетолог,Москва,116534,138548,127541.0,1.0,https://hh.ru/job/1000612
Специалист по рекламе,Новосибирск,95106,180638,137872.0,2.0,https://hh.ru/vacancy/1000613
Junior аналитик,Казань,152599,206703,179651.0,1.0,https://hh.ru/vacancy/1000614
Data Scientist (junior),Казань,70678,117299,93988.5,2.0,https://hh.ru/vacancy/1000615
Product manager (junior),Новосибирск,116218,198449,157333.5,5.0,https://hh.ru/vacancy/1000616
Аналитик данных,Удалённо,103230,176618,139924.0,1.0,https://hh.ru/vacancy/1000617
Специалист по рекламе,Удалённо,154684,175698,165191.0,2.0,https://hh.ru/job/1000618
Специалист по рекламе,Москва,114055,152810,133432.5,3.0,https://hh.ru/vacancy/1000619
Специалист по рекламе,Санкт-Петербург,96373,141763,119068.0,1.0,https://hh.ru/vacancy/1000620
Маркетинг-аналитик,Казань,71480,100191,85835.5,1.0,https://hh.ru/job/1000621
Data Scientist (junior),Санкт-Петербург,125230,188223,156726.5,2.0,https://hh.ru/job/1000622
Junior аналитик,Удалённо,108836,188532,148684.0,2.0,https://hh.ru/vacancy/1000623
SQL-аналитик,Удалённо,112258,144471,128364.5,3.0,https://hh.ru/job/1000624
SQL-аналитик,Екатеринбург,79986,142770,111378.0,1.0,https://hh.ru/job/1000625
Data Scientist (junior),Москва,64160,76581,70370.5,5.0,https://hh.ru/job/1000626
Финансовый аналитик,Екатеринбург,125595,148322,136958.5,0.0,https://hh.ru/job/1000627
Маркетинг-аналитик,Екатеринбург,141358,150716,146037.0,0.0,https://hh.ru/vacancy/1000628
Аналитик данных,Екатеринбург,119111,189219,154165.0,2.0,https://hh.ru/job/1000629
Специалист по рекламе,Москва,104929,142046,123487.5,0.5,https://hh.ru/vacancy/1000630
Специалист по рекламе,Москва,113506,150416,131961.0,0.5,https://hh.ru/vacancy/1000631
Data Scientist (junior),Новосибирск,74911,135665,105288.0,1.0,https://hh.ru/job/1000632
Финансовый аналитик,Санкт-Петербург,127127,194565,160846.0,0.5,https://hh.ru/job/1000633
SQL-аналитик,Санкт-Петербург,71821,106192,89006.5,0.0,https://hh.ru/job/1000634
SQL-аналитик,Новосибирск,115039,171540,143289.5,5.0,https://hh.ru/vacancy/1000635
Data Engineer (junior),Новосибирск,100535,166481,133508.0,0.5,https://hh.ru/job/1000636
Data Scientist (junior),Удалённо,153453,196920,175186.5,2.0,https://hh.ru/job/1000637
Маркетинг-аналитик,Екатеринбург,124458,147083,135770.5,3.0,https://hh.ru/job/1000638
Продуктовый аналитик,Новосибирск,52175,91068,71621.5,5.0,https://hh.ru/job/1000639
Маркетинг-аналитик,Казань,159235,240564,199899.5,0.0,https://hh.ru/job/1000640
Product manager (junior),Санкт-Петербург,94771,130778,112774.5,3.0,https://hh.ru/vacancy/1000641
SQL-аналитик,Новосибирск,146660,191192,168926.0,1.0,https://hh.ru/job/1000642
SQL-аналитик,Казань,126925,186178,156551.5,2.0,https://hh.ru/job/1000643
BI-аналитик,Казань,153374,170697,162035.5,2.0,https://hh.ru/job/1000644
SQL-аналитик,Казань,106358,184737,145547.5,3.0,https://hh.ru/vacancy/1000645
Аналитик данных,Удалённо,57327,76537,66932.0,1.0,https://hh.ru/job/1000646
Бизнес-аналитик,Удалённо,87057,108513,97785.0,2.0,https://hh.ru/vacancy/1000647
Data Scientist (junior),Казань,46150,82517,64333.5,1.0,https://hh.ru/vacancy/1000648
Интернет-маркетолог,Удалённо,44425,104049,74237.0,3.0,https://hh.ru/job/1000649
Маркетинг-аналитик,Екатеринбург,56032,71138,63585.0,5.0,https://hh.ru/job/1000650
Бизнес-аналитик,Казань,42198,115206,78702.0,0.5,https://hh.ru/job/1000651
Финансовый аналитик,Екатеринбург,100500,177740,139120.0,5.0,https://hh.ru/vacancy/1000652
Продуктовый аналитик,Екатеринбург,93394,162709,128051.5,0.0,https://hh.ru/vacancy/1000653
Аналитик данных,Казань,60079,134328,97203.5,0.0,https://hh.ru/vacancy/1000654
Junior аналитик,Санкт-Петербург,76220,151807,114013.5,0.0,https://hh.ru/vacancy/1000655
Отчётный аналитик,Казань,81874,97630,89752.0,1.0,https://hh.ru/vacancy/1000656
Маркетинг-аналитик,Казань,53859,126870,90364.5,2.0,https://hh.ru/vacancy/1000657
Бизнес-аналитик,Удалённо,90460,131838,111149.0,0.0,https://hh.ru/job/1000658
Junior аналитик,Казань,71419,80674,76046.5,0.0,https://hh.ru/job/1000659
Продуктовый аналитик,Санкт-Петербург,158865,178349,168607.0,5.0,https://hh.ru/vacancy/1000660
BI-аналитик,Удалённо,48705,110254,79479.5,3.0,https://hh.ru/job/1000661
Junior аналитик,Москва,82880,122383,102631.5,3.0,https://hh.ru/job/1000662
Аналитик данных,Москва,63236,142030,102633.0,3.0,https://hh.ru/vacancy/1000663
Аналитик данных,Екатеринбург,127955,178068,153011.5,2.0,https://hh.ru/vacancy/1000664
Интернет-маркетолог,Екатеринбург,125514,204583,165048.5,0.0,https://hh.ru/job/1000665
BI-аналитик,Санкт-Петербург,143145,153394,148269.5,1.0,https://hh.ru/vacancy/1000666
Отчётный аналитик,Новосибирск,55358,79559,67458.5,2.0,https://hh.ru/vacancy/1000667
Data Scientist (junior),Москва,139713,203289,171501.0,0.5,https://hh.ru/job/1000668
Junior аналитик,Екатеринбург,134914,149600,142257.0,2.0,https://hh.ru/vacancy/1000669
BI-аналитик,Москва,142870,201233,172051.5,0.0,https://hh.ru/job/1000670
Аналитик данных,Санкт-Петербург,116918,122579,119748.5,1.0,https://hh.ru/job/1000671
Аналитик данных,Санкт-Петербург,159179,209022,184100.5,1.0,https://hh.ru/job/1000672
Бизнес-аналитик,Новосибирск,156243,222206,189224.5,2.0,https://hh.ru/job/1000673
SQL-аналитик,Новосибирск,54596,102424,78510.0,2.0,https://hh.ru/job/1000674
Отчётный аналитик,Удалённо,73572,127176,100374.0,2.0,https://hh.ru/vacancy/1000675
Junior аналитик,Санкт-Петербург,118757,134283,126520.0,0.0,https://hh.ru/vacancy/1000676
Интернет-маркетолог,Екатеринбург,41279,115189,78234.0,0.0,https://hh.ru/vacancy/1000677
Интернет-маркетолог,Москва,103197,133789,118493.0,3.0,https://hh.ru/vacancy/1000678
Junior аналитик,Казань,151496,185478,168487.0,2.0,https://hh.ru/job/1000679
Product manager (junior),Новосибирск,102516,107723,105119.5,0.0,https://hh.ru/job/1000680
Специалист по рекламе,Казань,47083,120702,83892.5,3.0,https://hh.ru/vacancy/1000681
Продуктовый аналитик,Екатеринбург,149397,183725,166561.0,0.5,https://hh.ru/job/1000682
Интернет-маркетолог,Новосибирск,57771,109250,83510.5,1.0,https://hh.ru/vacancy/1000683
BI-аналитик,Казань,69975,95078,82526.5,0.0,https://hh.ru/vacancy/1000684
Продуктовый аналитик,Екатеринбург,85648,130539,108093.5,2.0,https://hh.ru/vacancy/1000685
BI-аналитик,Москва,88285,104039,96162.0,2.0,https://hh.ru/job/1000686
Финансовый аналитик,Екатеринбург,59063,145500,102281.5,0.5,https://hh.ru/job/1000687
Аналитик данных,Удалённо,107642,185624,146633.0,3.0,https://hh.ru/job/1000688
SQL-аналитик,Новосибирск,130093,191015,160554.0,1.0,https://hh.ru/job/1000689
Бизнес-аналитик,Санкт-Петербург,154390,207621,181005.5,0.5,https://hh.ru/vacancy/1000690
Интернет-маркетолог,Москва,126143,160444,143293.5,0.5,https://hh.ru/job/1000691
SQL-аналитик,Казань,77599,145310,111454.5,0.5,https://hh.ru/job/1000692
SQL-аналитик,Новосибирск,91920,138243,115081.5,0.0,https://hh.ru/job/1000693
SQL-аналитик,Санкт-Петербург,68529,92281,80405.0,2.0,https://hh.ru/vacancy/1000694
Специалист по рекламе,Екатеринбург,75954,163159,119556.5,3.0,https://hh.ru/vacancy/1000695
Продуктовый аналитик,Санкт-Петербург,67856,86251,77053.5,1.0,https://hh.ru/job/1000696
BI-аналитик,Новосибирск,42573,103846,73209.5,0.5,https://hh.ru/job/1000697
Системный аналитик,Новосибирск,118344,128239,123291.5,0.0,https://hh.ru/job/1000698
Финансовый аналитик,Удалённо,75367,156926,116146.5,0.5,https://hh.ru/job/1000699
Маркетинг-аналитик,Удалённо,142337,158036,150186.5,1.0,https://hh.ru/vacancy/1000700
SQL-аналитик,Санкт-Петербург,146732,216793,181762.5,3.0,https://hh.ru/job/1000701
Data Scientist (junior),Екатеринбург,139608,154323,146965.5,0.5,https://hh.ru/job/1000702
Продуктовый аналитик,Санкт-Петербург,100774,124943,112858.5,2.0,https://hh.ru/job/1000703
Интернет-маркетолог,Новосибирск,63752,84915,74333.5,3.0,https://hh.ru/vacancy/1000704
Отчётный аналитик,Новосибирск,95029,105811,100420.0,1.0,https://hh.ru/vacancy/1000705
Интернет-маркетолог,Казань,57685,147013,102349.0,3.0,https://hh.ru/job/1000706
Бизнес-аналитик,Удалённо,91693,132278,111985.5,2.0,https://hh.ru/job/1000707
Маркетинг-аналитик,Казань,156739,192421,174580.0,2.0,https://hh.ru/job/1000708
Системный аналитик,Москва,95961,148825,122393.0,1.0,https://hh.ru/job/1000709
Data Scientist (junior),Новосибирск,146937,236353,191645.0,1.0,https://hh.ru/job/1000710
Интернет-маркетолог,Казань,116908,177022,146965.0,0.5,https://hh.ru/vacancy/1000711
Системный аналитик,Санкт-Петербург,114532,157599,136065.5,1.0,https://hh.ru/vacancy/1000712
Маркетинг-аналитик,Удалённо,121994,169679,145836.5,0.5,https://hh.ru/vacancy/1000713
SQL-аналитик,Удалённо,96133,119206,107669.5,2.0,https://hh.ru/job/1000714
Data Scientist (junior),Екатеринбург,137425,178460,157942.5,0.0,https://hh.ru/vacancy/1000715
Системный аналитик,Санкт-Петербург,101268,171245,136256.5,5.0,https://hh.ru/vacancy/1000716
Бизнес-аналитик,Екатеринбург,132201,220563,176382.0,2.0,https://hh.ru/vacancy/1000717
BI-аналитик,Казань,78243,148693,113468.0,1.0,https://hh.ru/job/1000718
Аналитик данных,Москва,97384,112766,105075.0,0.5,https://hh.ru/job/1000719
BI-аналитик,Санкт-Петербург,71653,81090,76371.5,3.0,https://hh.ru/vacancy/1000720
Маркетинг-аналитик,Санкт-Петербург,66657,142628,104642.5,3.0,https://hh.ru/job/1000721
Продуктовый аналитик,Санкт-Петербург,79952,149564,114758.0,2.0,https://hh.ru/vacancy/1000722
Аналитик данных,Екатеринбург,62180,129109,95644.5,0.5,https://hh.ru/vacancy/1000723
Финансовый аналитик,Казань,137432,154761,146096.5,1.0,https://hh.ru/vacancy/1000724
Бизнес-аналитик,Санкт-Петербург,118411,148580,133495.5,0.0,https://hh.ru/vacancy/1000725
Финансовый аналитик,Санкт-Петербург,41622,81216,61419.0,0.5,https://hh.ru/job/1000726
Специалист по рекламе,Удалённо,88756,170713,129734.5,3.0,https://hh.ru/job/1000727
Data Scientist (junior),Москва,80809,146440,113624.5,2.0,https://hh.ru/job/1000728
Junior аналитик,Удалённо,56725,106758,81741.5,2.0,https://hh.ru/job/1000729
Аналитик данных,Удалённо,101396,169529,135462.5,3.0,https://hh.ru/vacancy/1000730
Финансовый аналитик,Москва,91226,169391,130308.5,2.0,https://hh.ru/job/1000731
Интернет-маркетолог,Казань,146296,225157,185726.5,1.0,https://hh.ru/vacancy/1000732
Финансовый аналитик,Удалённо,121182,178472,149827.0,1.0,https://hh.ru/job/1000733
Системный аналитик,Казань,122565,159315,140940.0,5.0,https://hh.ru/job/1000734
BI-аналитик,Удалённо,69402,114863,92132.5,0.0,https://hh.ru/job/1000735
Системный аналитик,Новосибирск,44263,123063,83663.0,5.0,https://hh.ru/vacancy/1000736
Специалист по рекламе,Москва,136523,219745,178134.0,3.0,https://hh.ru/vacancy/1000737
Аналитик данных,Удалённо,86828,116054,101441.0,0.0,https://hh.ru/vacancy/1000738
Аналитик данных,Новосибирск,87924,99645,93784.5,2.0,https://hh.ru/vacancy/1000739
Специалист по рекламе,Екатеринбург,114182,175336,144759.0,3.0,https://hh.ru/job/1000740
Маркетинг-аналитик,Новосибирск,133065,158674,145869.5,2.0,https://hh.ru/vacancy/1000741
Системный аналитик,Санкт-Петербург,99052,156182,127617.0,5.0,https://hh.ru/vacancy/1000742
Data Engineer (junior),Удалённо,51664,129573,90618.5,5.0,https://hh.ru/job/1000743
Интернет-маркетолог,Новосибирск,75737,135986,105861.5,1.0,https://hh.ru/job/1000744
Отчётный аналитик,Казань,141332,195227,168279.5,1.0,https://hh.ru/vacancy/1000745
BI-аналитик,Екатеринбург,129563,140219,134891.0,5.0,https://hh.ru/job/1000746
Аналитик данных,Удалённо,69373,148893,109133.0,2.0,https://hh.ru/vacancy/1000747
Маркетинг-аналитик,Санкт-Петербург,157369,226109,191739.0,0.0,https://hh.ru/job/1000748
Junior аналитик,Новосибирск,76397,145706,111051.5,0.0,https://hh.ru/vacancy/1000749
Интернет-маркетолог,Екатеринбург,126145,161129,143637.0,2.0,https://hh.ru/vacancy/1000750
Системный аналитик,Удалённо,141371,220193,180782.0,5.0,https://hh.ru/vacancy/1000751
BI-аналитик,Екатеринбург,78709,89610,84159.5,3.0,https://hh.ru/vacancy/1000752
Junior аналитик,Санкт-Петербург,156074,192626,174350.0,2.0,https://hh.ru/vacancy/1000753
Системный аналитик,Новосибирск,101120,137175,119147.5,0.0,https://hh.ru/job/1000754
Финансовый аналитик,Екатеринбург,59250,101935,80592.5,0.5,https://hh.ru/vacancy/1000755
Junior аналитик,Екатеринбург,61172,140137,100654.5,3.0,https://hh.ru/vacancy/1000756
Специалист по рекламе,Москва,51555,71271,61413.0,0.5,https://hh.ru/vacancy/1000757
Product manager (junior),Екатеринбург,127410,143548,135479.0,0.5,https://hh.ru/vacancy/1000758
Маркетинг-аналитик,Москва,118617,158915,138766.0,0.0,https://hh.ru/vacancy/1000759
BI-аналитик,Новосибирск,93276,149388,121332.0,2.0,https://hh.ru/job/1000760
SQL-аналитик,Удалённо,97492,125921,111706.5,5.0,https://hh.ru/job/1000761
Product manager (junior),Удалённо,93002,148202,120602.0,0.5,https://hh.ru/vacancy/1000762
Data Scientist (junior),Новосибирск,129599,205907,167753.0,1.0,https://hh.ru/job/1000763
Data Scientist (junior),Новосибирск,112355,165599,138977.0,2.0,https://hh.ru/vacancy/1000764
BI-аналитик,Казань,131248,153595,142421.5,5.0,https://hh.ru/job/1000765
Junior аналитик,Новосибирск,64762,86682,75722.0,0.0,https://hh.ru/job/1000766
Системный аналитик,Екатеринбург,51046,87868,69457.0,1.0,https://hh.ru/vacancy/1000767
Маркетинг-аналитик,Удалённо,136999,188658,162828.5,1.0,https://hh.ru/job/1000768
Отчётный аналитик,Санкт-Петербург,156021,201129,178575.0,3.0,https://hh.ru/job/1000769
Data Scientist (junior),Удалённо,68769,81736,75252.5,1.0,https://hh.ru/vacancy/1000770
Маркетинг-аналитик,Москва,93302,110173,101737.5,0.0,https://hh.ru/vacancy/1000771
Data Scientist (junior),Удалённо,63150,145602,104376.0,2.0,https://hh.ru/job/1000772
Финансовый аналитик,Казань,108247,187517,147882.0,3.0,https://hh.ru/job/1000773
Системный аналитик,Новосибирск,44853,83466,64159.5,0.0,https://hh.ru/job/1000774
Финансовый аналитик,Новосибирск,134613,167792,151202.5,3.0,https://hh.ru/vacancy/1000775
Интернет-маркетолог,Удалённо,129399,186587,157993.0,0.5,https://hh.ru/job/1000776
Data Scientist (junior),Санкт-Петербург,61792,121891,91841.5,2.0,https://hh.ru/job/1000777
SQL-аналитик,Санкт-Петербург,99129,139391,119260.0,1.0,https://hh.ru/job/1000778
SQL-аналитик,Казань,146019,229232,187625.5,2.0,https://hh.ru/vacancy/1000779
Финансовый аналитик,Москва,114478,137746,126112.0,1.0,https://hh.ru/vacancy/1000780
Специалист по рекламе,Удалённо,153811,236677,195244.0,3.0,https://hh.ru/vacancy/1000781
Product manager (junior),Новосибирск,154130,219675,186902.5,2.0,https://hh.ru/vacancy/1000782
SQL-аналитик,Удалённо,107298,184444,145871.0,2.0,https://hh.ru/job/1000783
Data Scientist (junior),Казань,71987,148953,110470.0,3.0,https://hh.ru/vacancy/1000784
BI-аналитик,Екатеринбург,55850,100772,78311.0,3.0,https://hh.ru/job/1000785
Финансовый аналитик,Екатеринбург,52112,136476,94294.0,0.0,https://hh.ru/job/1000786
Интернет-маркетолог,Казань,64058,111971,88014.5,1.0,https://hh.ru/job/1000787
Отчётный аналитик,Новосибирск,85420,146097,115758.5,5.0,https://hh.ru/job/1000788
Отчётный аналитик,Казань,78890,133731,106310.5,0.0,https://hh.ru/vacancy/1000789
Продуктовый аналитик,Новосибирск,106017,157349,131683.0,2.0,https://hh.ru/vacancy/1000790
Product manager (junior),Санкт-Петербург,87304,117336,102320.0,5.0,https://hh.ru/vacancy/1000791
Junior аналитик,Казань,72921,115767,94344.0,0.0,https://hh.ru/vacancy/1000792
Системный аналитик,Новосибирск,145921,210395,178158.0,2.0,https://hh.ru/vacancy/1000793
SQL-аналитик,Казань,41524,91460,66492.0,1.0,https://hh.ru/job/1000794
SQL-аналитик,Казань,140424,175218,157821.0,2.0,https://hh.ru/vacancy/1000795
Junior аналитик,Новосибирск,55048,121636,88342.0,0.0,https://hh.ru/vacancy/1000796
Аналитик данных,Новосибирск,75111,151095,113103.0,0.0,https://hh.ru/vacancy/1000797
Интернет-маркетолог,Москва,77904,133235,105569.5,2.0,https://hh.ru/vacancy/1000798
Data Engineer (junior),Казань,94912,128053,111482.5,3.0,https://hh.ru/job/1000799
Финансовый аналитик,Екатеринбург,74008,88082,81045.0,3.0,https://hh.ru/job/1000800
Специалист по рекламе,Казань,40060,51466,45763.0,1.0,https://hh.ru/job/1000801
Интернет-маркетолог,Казань,114666,142957,128811.5,0.0,https://hh.ru/job/1000802
Бизнес-аналитик,Новосибирск,123559,170127,146843.0,2.0,https://hh.ru/job/1000803
SQL-аналитик,Казань,95337,147188,121262.5,0.5,https://hh.ru/vacancy/1000804
Системный аналитик,Удалённо,150616,210439,180527.5,5.0,https://hh.ru/job/1000805
Продуктовый аналитик,Казань,53350,81662,67506.0,3.0,https://hh.ru/job/1000806
Отчётный аналитик,Удалённо,64354,112462,88408.0,2.0,https://hh.ru/job/1000807
SQL-аналитик,Екатеринбург,85186,157104,121145.0,5.0,https://hh.ru/vacancy/1000808
Продуктовый аналитик,Новосибирск,68145,107316,87730.5,0.0,https://hh.ru/vacancy/1000809
Data Scientist (junior),Казань,74020,120799,97409.5,2.0,https://hh.ru/job/1000810
Интернет-маркетолог,Удалённо,126123,199951,163037.0,1.0,https://hh.ru/vacancy/1000811
Data Scientist (junior),Удалённо,146667,164078,155372.5,5.0,https://hh.ru/vacancy/1000812
Data Engineer (junior),Удалённо,115186,177195,146190.5,0.5,https://hh.ru/job/1000813
BI-аналитик,Санкт-Петербург,125469,145891,135680.0,2.0,https://hh.ru/vacancy/1000814
Бизнес-аналитик,Москва,60581,108049,84315.0,3.0,https://hh.ru/vacancy/1000815
Интернет-маркетолог,Екатеринбург,128929,166300,147614.5,0.0,https://hh.ru/vacancy/1000816
Аналитик данных,Казань,63051,125073,94062.0,1.0,https://hh.ru/job/1000817
Data Engineer (junior),Санкт-Петербург,91474,167703,129588.5,3.0,https://hh.ru/job/1000818
Маркетинг-аналитик,Казань,131748,187944,159846.0,1.0,https://hh.ru/job/1000819
Аналитик данных,Казань,154618,239972,197295.0,0.5,https://hh.ru/vacancy/1000820
Product manager (junior),Новосибирск,109626,141341,125483.5,0.5,https://hh.ru/job/1000821
Финансовый аналитик,Новосибирск,46960,79565,63262.5,0.0,https://hh.ru/vacancy/1000822
Системный аналитик,Новосибирск,75772,111946,93859.0,3.0,https://hh.ru/vacancy/1000823
Интернет-маркетолог,Санкт-Петербург,61520,76476,68998.0,2.0,https://hh.ru/vacancy/1000824
Маркетинг-аналитик,Казань,89481,170854,130167.5,0.0,https://hh.ru/job/1000825
Маркетинг-аналитик,Москва,76408,150660,113534.0,1.0,https://hh.ru/job/1000826
Data Engineer (junior),Екатеринбург,134006,200955,167480.5,1.0,https://hh.ru/job/1000827
Junior аналитик,Новосибирск,97134,164780,130957.0,0.5,https://hh.ru/job/1000828
Product manager (junior),Новосибирск,60491,135508,97999.5,1.0,https://hh.ru/vacancy/1000829
BI-аналитик,Казань,41341,109378,75359.5,1.0,https://hh.ru/job/1000830
Интернет-маркетолог,Казань,84623,96171,90397.0,1.0,https://hh.ru/vacancy/1000831
Junior аналитик,Санкт-Петербург,130327,208621,169474.0,2.0,https://hh.ru/job/1000832
Data Engineer (junior),Санкт-Петербург,40338,68515,54426.5,0.5,https://hh.ru/job/1000833
Финансовый аналитик,Новосибирск,111431,140453,125942.0,2.0,https://hh.ru/job/1000834
Отчётный аналитик,Казань,52254,62796,57525.0,2.0,https://hh.ru/vacancy/1000835
SQL-аналитик,Москва,91860,157288,124574.0,2.0,https://hh.ru/vacancy/1000836
SQL-аналитик,Екатеринбург,51344,79084,65214.0,2.0,https://hh.ru/vacancy/1000837
BI-аналитик,Казань,41750,106103,73926.5,1.0,https://hh.ru/vacancy/1000838
Финансовый аналитик,Казань,94756,156288,125522.0,3.0,https://hh.ru/vacancy/1000839
Специалист по рекламе,Удалённо,107957,129009,118483.0,2.0,https://hh.ru/job/1000840
BI-аналитик,Санкт-Петербург,145423,197499,171461.0,1.0,https://hh.ru/vacancy/1000841
Интернет-маркетолог,Екатеринбург,98053,156473,127263.0,3.0,https://hh.ru/vacancy/1000842
Интернет-маркетолог,Новосибирск,110855,116526,113690.5,2.0,https://hh.ru/vacancy/1000843
Продуктовый аналитик,Казань,55896,61059,58477.5,0.5,https://hh.ru/vacancy/1000844
Junior аналитик,Новосибирск,95761,142185,118973.0,0.5,https://hh.ru/job/1000845
Специалист по рекламе,Казань,102552,161296,131924.0,0.5,https://hh.ru/vacancy/1000846
SQL-аналитик,Новосибирск,117454,192785,155119.5,3.0,https://hh.ru/job/1000847
Маркетинг-аналитик,Екатеринбург,158681,174315,166498.0,2.0,https://hh.ru/job/1000848
Junior аналитик,Санкт-Петербург,130600,140398,135499.0,5.0,https://hh.ru/job/1000849
Бизнес-аналитик,Екатеринбург,152153,179573,165863.0,2.0,https://hh.ru/vacancy/1000850
Интернет-маркетолог,Удалённо,67935,102235,85085.0,1.0,https://hh.ru/job/1000851
Product manager (junior),Москва,77641,93390,85515.5,0.0,https://hh.ru/vacancy/1000852
Системный аналитик,Санкт-Петербург,69711,99832,84771.5,2.0,https://hh.ru/vacancy/1000853
Финансовый аналитик,Екатеринбург,110342,152829,131585.5,2.0,https://hh.ru/vacancy/1000854
Аналитик данных,Удалённо,146896,185257,166076.5,5.0,https://hh.ru/vacancy/1000855
BI-аналитик,Москва,52182,78405,65293.5,0.5,https://hh.ru/vacancy/1000856
Интернет-маркетолог,Удалённо,127833,205763,166798.0,1.0,https://hh.ru/job/1000857
Junior аналитик,Казань,96276,115332,105804.0,2.0,https://hh.ru/job/1000858
Специалист по рекламе,Казань,59541,92921,76231.0,2.0,https://hh.ru/vacancy/1000859
Системный аналитик,Новосибирск,134457,165492,149974.5,2.0,https://hh.ru/job/1000860
Product manager (junior),Санкт-Петербург,122310,157930,140120.0,3.0,https://hh.ru/vacancy/1000861
Junior аналитик,Казань,84813,109690,97251.5,0.5,https://hh.ru/job/1000862
Аналитик данных,Удалённо,77198,137514,107356.0,2.0,https://hh.ru/job/1000863
Системный аналитик,Санкт-Петербург,48820,117861,83340.5,2.0,https://hh.ru/job/1000864
Бизнес-аналитик,Казань,64070,122422,93246.0,3.0,https://hh.ru/job/1000865
Аналитик данных,Новосибирск,109768,145679,127723.5,3.0,https://hh.ru/job/1000866
Data Engineer (junior),Екатеринбург,51122,88906,70014.0,1.0,https://hh.ru/vacancy/1000867
Data Scientist (junior),Новосибирск,120559,128750,124654.5,0.5,https://hh.ru/vacancy/1000868
Data Engineer (junior),Москва,113543,151703,132623.0,5.0,https://hh.ru/job/1000869
SQL-аналитик,Казань,123441,193082,158261.5,1.0,https://hh.ru/vacancy/1000870
Junior аналитик,Москва,81786,136509,109147.5,5.0,https://hh.ru/job/1000871
Интернет-маркетолог,Москва,134934,143565,139249.5,0.5,https://hh.ru/vacancy/1000872
Интернет-маркетолог,Удалённо,139804,150976,145390.0,2.0,https://hh.ru/job/1000873
Интернет-маркетолог,Санкт-Петербург,46737,93817,70277.0,3.0,https://hh.ru/job/1000874
Product manager (junior),Удалённо,76062,101343,88702.5,5.0,https://hh.ru/job/1000875
Data Scientist (junior),Казань,94237,127908,111072.5,1.0,https://hh.ru/vacancy/1000876
Data Engineer (junior),Москва,91571,148002,119786.5,2.0,https://hh.ru/vacancy/1000877
Data Scientist (junior),Екатеринбург,65510,99112,82311.0,1.0,https://hh.ru/job/1000878
Отчётный аналитик,Москва,59426,115825,87625.5,0.0,https://hh.ru/job/1000879
Junior аналитик,Екатеринбург,77265,105737,91501.0,2.0,https://hh.ru/vacancy/1000880
Data Scientist (junior),Удалённо,57850,112080,84965.0,2.0,https://hh.ru/vacancy/1000881
Маркетинг-аналитик,Удалённо,158249,236865,197557.0,5.0,https://hh.ru/vacancy/1000882
BI-аналитик,Санкт-Петербург,106150,118249,112199.5,1.0,https://hh.ru/vacancy/1000883
BI-аналитик,Москва,127312,157743,142527.5,0.5,https://hh.ru/vacancy/1000884
Маркетинг-аналитик,Новосибирск,129613,191105,160359.0,0.0,https://hh.ru/job/1000885
Системный аналитик,Удалённо,114910,167594,141252.0,1.0,https://hh.ru/vacancy/1000886
Продуктовый аналитик,Удалённо,92375,127486,109930.5,1.0,https://hh.ru/job/1000887
Product manager (junior),Санкт-Петербург,75435,144371,109903.0,3.0,https://hh.ru/job/1000888
Системный аналитик,Екатеринбург,136443,164057,150250.0,1.0,https://hh.ru/vacancy/1000889
Аналитик данных,Санкт-Петербург,97132,144123,120627.5,5.0,https://hh.ru/vacancy/1000890
Специалист по рекламе,Москва,118945,194421,156683.0,5.0,https://hh.ru/job/1000891
Product manager (junior),Казань,122050,187970,155010.0,2.0,https://hh.ru/vacancy/1000892
Product manager (junior),Казань,135402,203932,169667.0,5.0,https://hh.ru/job/1000893
Аналитик данных,Екатеринбург,42983,84207,63595.0,3.0,https://hh.ru/vacancy/1000894
Data Scientist (junior),Удалённо,137241,150029,143635.0,1.0,https://hh.ru/vacancy/1000895
Data Engineer (junior),Екатеринбург,60662,93744,77203.0,0.5,https://hh.ru/vacancy/1000896
Data Engineer (junior),Удалённо,63510,145326,104418.0,1.0,https://hh.ru/job/1000897
BI-аналитик,Удалённо,118187,206775,162481.0,2.0,https://hh.ru/vacancy/1000898
Финансовый аналитик,Казань,80998,102529,91763.5,3.0,https://hh.ru/job/1000899
Системный аналитик,Екатеринбург,96846,146703,121774.5,1.0,https://hh.ru/vacancy/1000900
Отчётный аналитик,Санкт-Петербург,134071,149213,141642.0,3.0,https://hh.ru/job/1000901
Junior аналитик,Удалённо,46640,99995,73317.5,2.0,https://hh.ru/vacancy/1000902
SQL-аналитик,Новосибирск,84547,99413,91980.0,0.0,https://hh.ru/job/1000903
Бизнес-аналитик,Новосибирск,94620,169687,132153.5,5.0,https://hh.ru/job/1000904
Data Engineer (junior),Санкт-Петербург,55317,124344,89830.5,1.0,https://hh.ru/job/1000905
Junior аналитик,Новосибирск,155608,218514,187061.0,1.0,https://hh.ru/job/1000906
Бизнес-аналитик,Москва,47564,80702,64133.0,2.0,https://hh.ru/job/1000907
Junior аналитик,Удалённо,67345,102301,84823.0,0.0,https://hh.ru/job/1000908
Data Scientist (junior),Санкт-Петербург,153824,235119,194471.5,2.0,https://hh.ru/vacancy/1000909
Бизнес-аналитик,Екатеринбург,134223,144662,139442.5,1.0,https://hh.ru/job/1000910
SQL-аналитик,Удалённо,119273,171514,145393.5,1.0,https://hh.ru/job/1000911
Junior аналитик,Санкт-Петербург,114859,162392,138625.5,5.0,https://hh.ru/job/1000912
Маркетинг-аналитик,Казань,120765,154035,137400.0,1.0,https://hh.ru/vacancy/1000913
SQL-аналитик,Екатеринбург,150017,233832,191924.5,0.5,https://hh.ru/vacancy/1000914
Бизнес-аналитик,Казань,114038,158317,136177.5,1.0,https://hh.ru/vacancy/1000915
SQL-аналитик,Удалённо,92393,121281,106837.0,5.0,https://hh.ru/job/1000916
Junior аналитик,Екатеринбург,106081,128711,117396.0,0.5,https://hh.ru/vacancy/1000917
Продуктовый аналитик,Новосибирск,142650,208713,175681.5,0.5,https://hh.ru/vacancy/1000918
Junior аналитик,Санкт-Петербург,69430,109574,89502.0,0.0,https://hh.ru/job/1000919
Junior аналитик,Удалённо,115532,172693,144112.5,0.0,https://hh.ru/job/1000920
Data Scientist (junior),Москва,67788,150148,108968.0,3.0,https://hh.ru/vacancy/1000921
Системный аналитик,Екатеринбург,135505,191484,163494.5,2.0,https://hh.ru/job/1000922
Маркетинг-аналитик,Екатеринбург,88543,100522,94532.5,1.0,https://hh.ru/job/1000923
Отчётный аналитик,Удалённо,53919,85108,69513.5,2.0,https://hh.ru/job/1000924
Data Engineer (junior),Удалённо,109346,156946,133146.0,1.0,https://hh.ru/job/1000925
Product manager (junior),Казань,136122,200682,168402.0,5.0,https://hh.ru/vacancy/1000926
Аналитик данных,Новосибирск,79974,163014,121494.0,5.0,https://hh.ru/job/1000927
Системный аналитик,Казань,147309,213867,180588.0,1.0,https://hh.ru/vacancy/1000928
Аналитик данных,Казань,56371,68281,62326.0,3.0,https://hh.ru/vacancy/1000929
Data Scientist (junior),Новосибирск,85084,147797,116440.5,3.0,https://hh.ru/vacancy/1000930
Маркетинг-аналитик,Москва,69629,121486,95557.5,1.0,https://hh.ru/vacancy/1000931
Интернет-маркетолог,Казань,91184,131148,111166.0,0.5,https://hh.ru/job/1000932
Junior аналитик,Казань,101916,132143,117029.5,1.0,https://hh.ru/job/1000933
Интернет-маркетолог,Екатеринбург,113972,124950,119461.0,3.0,https://hh.ru/job/1000934
Интернет-маркетолог,Новосибирск,102187,124340,113263.5,5.0,https://hh.ru/vacancy/1000935
Специалист по рекламе,Санкт-Петербург,52984,117749,85366.5,3.0,https://hh.ru/vacancy/1000936
BI-аналитик,Москва,73039,117110,95074.5,3.0,https://hh.ru/vacancy/1000937
Интернет-маркетолог,Москва,125431,199950,162690.5,2.0,https://hh.ru/job/1000938
Data Engineer (junior),Новосибирск,123691,138194,130942.5,3.0,https://hh.ru/vacancy/1000939
Продуктовый аналитик,Удалённо,98606,164309,131457.5,3.0,https://hh.ru/job/1000940
BI-аналитик,Удалённо,50616,119995,85305.5,1.0,https://hh.ru/job/1000941
Data Scientist (junior),Екатеринбург,142665,205531,174098.0,2.0,https://hh.ru/job/1000942
Product manager (junior),Екатеринбург,145373,167278,156325.5,3.0,https://hh.ru/job/1000943
Системный аналитик,Новосибирск,90072,140910,115491.0,0.0,https://hh.ru/vacancy/1000944
Продуктовый аналитик,Екатеринбург,64574,127853,96213.5,3.0,https://hh.ru/job/1000945
SQL-аналитик,Москва,43430,75236,59333.0,0.5,https://hh.ru/vacancy/1000946
Бизнес-аналитик,Москва,159123,209123,184123.0,1.0,https://hh.ru/job/1000947
Специалист по рекламе,Санкт-Петербург,52676,79844,66260.0,3.0,https://hh.ru/vacancy/1000948
Продуктовый аналитик,Удалённо,50816,125935,88375.5,0.5,https://hh.ru/vacancy/1000949
Отчётный аналитик,Новосибирск,72733,116447,94590.0,0.5,https://hh.ru/job/1000950
Интернет-маркетолог,Казань,125680,184773,155226.5,1.0,https://hh.ru/job/1000951
Data Scientist (junior),Удалённо,42050,102469,72259.5,3.0,https://hh.ru/job/1000952
Финансовый аналитик,Казань,149996,204141,177068.5,0.0,https://hh.ru/vacancy/1000953
Бизнес-аналитик,Санкт-Петербург,73933,156358,115145.5,5.0,https://hh.ru/job/1000954
Аналитик данных,Санкт-Петербург,64951,147762,106356.5,0.5,https://hh.ru/job/1000955
Data Engineer (junior),Екатеринбург,72413,79874,76143.5,5.0,https://hh.ru/vacancy/1000956
Аналитик данных,Санкт-Петербург,74801,94092,84446.5,5.0,https://hh.ru/job/1000957
Продуктовый аналитик,Санкт-Петербург,95619,147423,121521.0,1.0,https://hh.ru/vacancy/1000958
Product manager (junior),Казань,72913,154884,113898.5,1.0,https://hh.ru/job/1000959
Аналитик данных,Екатеринбург,152573,222519,187546.0,1.0,https://hh.ru/vacancy/1000960
Отчётный аналитик,Санкт-Петербург,159076,248156,203616.0,2.0,https://hh.ru/vacancy/1000961
Data Scientist (junior),Удалённо,80600,146932,113766.0,0.0,https://hh.ru/job/1000962
SQL-аналитик,Санкт-Петербург,97775,180569,139172.0,0.0,https://hh.ru/vacancy/1000963
Product manager (junior),Екатеринбург,130816,166657,148736.5,0.0,https://hh.ru/job/1000964
Системный аналитик,Новосибирск,130093,183851,156972.0,1.0,https://hh.ru/job/1000965
Data Engineer (junior),Екатеринбург,152590,233862,193226.0,0.5,https://hh.ru/vacancy/1000966
Отчётный аналитик,Казань,75400,118043,96721.5,2.0,https://hh.ru/job/1000967
Отчётный аналитик,Новосибирск,44494,99902,72198.0,5.0,https://hh.ru/vacancy/1000968
Аналитик данных,Удалённо,120688,169638,145163.0,1.0,https://hh.ru/vacancy/1000969
Интернет-маркетолог,Москва,129431,191280,160355.5,2.0,https://hh.ru/vacancy/1000970
Аналитик данных,Екатеринбург,114691,147735,131213.0,1.0,https://hh.ru/vacancy/1000971
Продуктовый аналитик,Казань,137419,158416,147917.5,3.0,https://hh.ru/vacancy/1000972
Системный аналитик,Удалённо,148730,233481,191105.5,5.0,https://hh.ru/vacancy/1000973
BI-аналитик,Новосибирск,83001,111912,97456.5,3.0,https://hh.ru/vacancy/1000974
Product manager (junior),Удалённо,107364,167897,137630.5,5.0,https://hh.ru/vacancy/1000975
Аналитик данных,Екатеринбург,85028,172594,128811.0,0.0,https://hh.ru/job/1000976
Data Scientist (junior),Санкт-Петербург,147434,167005,157219.5,3.0,https://hh.ru/job/1000977
Финансовый аналитик,Екатеринбург,137659,200600,169129.5,3.0,https://hh.ru/vacancy/1000978
Data Engineer (junior),Москва,77573,140578,109075.5,0.5,https://hh.ru/job/1000979
Junior аналитик,Екатеринбург,40806,104518,72662.0,5.0,https://hh.ru/job/1000980
Аналитик данных,Новосибирск,96638,145179,120908.5,0.0,https://hh.ru/job/1000981
Data Scientist (junior),Новосибирск,146506,174893,160699.5,2.0,https://hh.ru/job/1000982
Product manager (junior),Екатеринбург,69757,123665,96711.0,0.5,https://hh.ru/job/1000983
Data Scientist (junior),Новосибирск,74636,92693,83664.5,1.0,https://hh.ru/job/1000984
Data Engineer (junior),Санкт-Петербург,120097,189125,154611.0,2.0,https://hh.ru/vacancy/1000985
BI-аналитик,Удалённо,88280,149011,118645.5,2.0,https://hh.ru/job/1000986
Data Scientist (junior),Екатеринбург,64262,94120,79191.0,1.0,https://hh.ru/job/1000987
Финансовый аналитик,Санкт-Петербург,120435,174124,147279.5,1.0,https://hh.ru/job/1000988
Data Scientist (junior),Удалённо,102211,151849,127030.0,3.0,https://hh.ru/job/1000989
Data Scientist (junior),Удалённо,94842,146328,120585.0,0.0,https://hh.ru/vacancy/1000990
Data Scientist (junior),Санкт-Петербург,96979,122546,109762.5,1.0,https://hh.ru/vacancy/1000991
SQL-аналитик,Казань,154524,189263,171893.5,5.0,https://hh.ru/vacancy/1000992
SQL-аналитик,Екатеринбург,121470,184274,152872.0,3.0,https://hh.ru/vacancy/1000993
BI-аналитик,Удалённо,78197,86951,82574.0,1.0,https://hh.ru/job/1000994
Аналитик данных,Удалённо,81844,113888,97866.0,3.0,https://hh.ru/vacancy/1000995
Data Scientist (junior),Новосибирск,104754,177014,140884.0,3.0,https://hh.ru/vacancy/1000996
Специалист по рекламе,Удалённо,141868,213780,177824.0,3.0,https://hh.ru/vacancy/1000997
Системный аналитик,Санкт-Петербург,74157,87863,81010.0,1.0,https://hh.ru/vacancy/1000998
Специалист по рекламе,Удалённо,117129,131023,124076.0,0.5,https://hh.ru/job/1000999
